movieid,directorid,genre
1672111,54934,Action
1672946,188940,Action
1679461,179783,Action
1691387,291700,Action
1693305,14663,Action
1698667,98630,Action
1704645,98630,Action
1705417,19141,Action
1706887,221541,Action
1707277,52953,Action
1709238,108073,Action
1711133,260603,Action
1711175,213822,Action
1711393,128558,Action
1711398,256455,Action
1715380,130253,Action
1715404,39629,Action
1715607,172775,Action
1717455,196811,Action
1719502,69968,Action
1722327,56159,Action
1731582,13745,Action
1736268,19189,Action
1736362,158089,Action
1736794,54543,Action
1740732,123402,Action
1740752,70986,Action
1740811,41939,Action
1744811,230882,Action
1745530,4997,Action
1749891,121794,Action
1750364,19189,Action
1750510,135809,Action
1751872,91117,Action
1753695,98451,Action
1754799,119455,Action
1754884,281227,Action
1757342,246268,Action
1757347,37121,Action
1757367,246268,Action
1757378,37121,Action
1757423,5763,Action
1757423,142542,Action
1757423,210916,Action
1757423,222944,Action
1757423,228607,Action
1757423,274556,Action
1757698,155392,Action
1757893,49086,Action
1759189,123878,Action
1763465,300073,Action
1763653,218785,Action
1765108,62483,Action
1765347,228463,Action
1765652,55590,Action
1766407,151963,Action
1766427,73359,Action
1766849,28945,Action
1767151,5049,Action
1769766,101620,Action
1770285,41939,Action
1774349,120629,Action
1776052,200149,Action
1778536,41759,Action
1778697,10484,Action
1778699,180716,Action
1779176,120788,Action
1779757,176568,Action
1780022,151963,Action
1784206,111350,Action
1785251,108073,Action
1786413,200150,Action
1787090,96982,Action
1788165,177106,Action
1790007,298771,Action
1790523,75298,Action
1792713,149557,Action
1793433,68638,Action
1803115,289841,Action
1804924,190139,Action
1804925,297381,Action
1809984,62087,Action
1811382,275755,Action
1816379,131292,Action
1819870,125482,Action
1823223,200697,Action
1823486,111350,Action
1826286,298471,Action
1829882,293703,Action
1830096,184198,Action
1830497,137425,Action
1830531,129163,Action
1831084,172775,Action
1831363,155392,Action
1831593,70986,Action
1832668,253187,Action
1838160,247289,Action
1838773,211555,Action
1842584,111350,Action
1843756,292753,Action
1843757,159773,Action
1848628,70782,Action
1849156,289841,Action
1850182,213822,Action
1854045,51903,Action
1854166,247289,Action
1858361,297504,Action
1858362,155392,Action
1858363,297504,Action
1858364,99806,Action
1859542,111350,Action
1859617,155280,Action
1859753,258859,Action
1861514,31460,Action
1868890,232620,Action
1869010,245889,Action
1870132,172161,Action
1872662,19608,Action
1874279,180080,Action
1874284,111350,Action
1874295,180080,Action
1878669,121340,Action
1878669,300947,Action
1879793,298771,Action
1889009,278493,Action
1890357,302682,Action
1890829,51903,Action
1893245,13745,Action
1895286,165692,Action
1895298,298646,Action
1898372,231880,Action
1906242,124932,Action
1907821,232620,Action
1915498,124171,Action
1915987,247289,Action
1917129,6523,Action
1918307,237473,Action
1919846,41939,Action
1919853,41939,Action
1919898,271025,Action
1924755,31460,Action
1924959,14380,Action
1927338,170040,Action
1927339,88848,Action
1927950,298771,Action
1928609,255144,Action
1932235,182942,Action
1932393,119790,Action
1934260,45642,Action
1939369,78540,Action
1939762,248492,Action
1939775,155392,Action
1939900,146286,Action
1942083,120629,Action
1943961,184413,Action
1945855,98630,Action
1946327,295352,Action
1946379,109735,Action
1950946,192819,Action
1952847,232620,Action
1953106,302682,Action
1955207,274002,Action
1957184,247236,Action
1963417,292753,Action
1964074,137722,Action
1965261,129113,Action
1965516,227338,Action
1966580,275755,Action
1966583,275755,Action
1968813,247236,Action
1971149,78050,Action
1971707,112712,Action
1971707,142980,Action
1971712,203354,Action
1972287,39944,Action
1972324,109735,Action
1972854,108911,Action
1978309,10177,Action
1980149,51115,Action
1982903,258197,Action
1983617,155535,Action
1987547,240297,Action
1987607,298771,Action
1991646,209654,Action
1991951,75298,Action
1992217,170452,Action
1992335,264169,Action
1992459,150884,Action
1994418,117295,Action
1995121,31499,Action
1996223,178314,Action
1998427,78412,Action
1998427,297918,Action
1999241,75298,Action
1999623,191991,Action
1999628,189093,Action
1999634,92,Action
2004435,285051,Action
2005469,101620,Action
2009281,37587,Action
2009507,746,Action
2012468,124080,Action
2013009,302973,Action
2014240,275755,Action
2018026,252882,Action
2019104,32111,Action
2030427,142160,Action
2030843,178409,Action
2032743,213822,Action
2034166,78050,Action
2034464,260322,Action
2034473,260322,Action
2037451,138597,Action
2040763,91135,Action
2040764,91135,Action
2040765,91135,Action
2046161,89882,Action
2048624,6057,Action
2054459,162891,Action
2054549,102268,Action
2056752,40434,Action
2056849,120788,Action
2057285,302989,Action
2068316,124034,Action
2070468,263287,Action
2072519,106208,Action
2073156,120386,Action
2074015,245889,Action
2075324,233838,Action
2075452,278493,Action
2079616,197327,Action
2080444,198401,Action
2082758,205585,Action
2104410,185309,Action
2106940,180080,Action
2107343,117915,Action
2107847,298771,Action
2109077,170415,Action
2124042,234788,Action
2124042,257600,Action
2124355,70986,Action
2124357,70986,Action
2124358,70986,Action
2124359,70986,Action
2125784,98630,Action
2131729,109735,Action
2133276,222400,Action
2133798,7335,Action
2134027,279661,Action
2134924,45642,Action
2134924,278226,Action
2138727,120788,Action
2140999,269513,Action
2148037,184466,Action
2148039,184466,Action
2148040,184466,Action
2148040,202897,Action
2150224,218785,Action
2159085,161376,Action
2162869,70986,Action
2163340,142138,Action
2163370,151314,Action
2164174,260285,Action
2168282,181508,Action
2169199,19935,Action
2170415,196351,Action
2170555,42738,Action
2172947,32490,Action
2173344,280494,Action
2173361,260285,Action
2176174,296303,Action
2177836,305385,Action
2177839,120635,Action
2177983,64003,Action
2177992,298771,Action
2181898,225247,Action
2181907,236460,Action
2183016,156982,Action
2183675,97356,Action
2184999,7366,Action
2185015,157643,Action
2190354,115803,Action
2190603,161376,Action
2195009,24036,Action
2196039,280968,Action
2199969,247850,Action
2210356,169615,Action
2210356,196811,Action
2210872,23861,Action
2212660,39944,Action
2213122,211360,Action
2213866,70782,Action
2216295,94760,Action
2216316,118604,Action
2217717,193246,Action
2222143,17382,Action
2229656,123402,Action
2232299,120635,Action
2232980,17382,Action
2234951,52776,Action
2235378,297265,Action
2236888,51827,Action
2236888,296516,Action
2240178,258118,Action
2240566,213822,Action
2244271,75298,Action
2251547,200697,Action
2252485,224478,Action
2255035,157634,Action
2255064,157634,Action
2257033,151499,Action
2257904,55402,Action
2257905,55402,Action
2258079,115814,Action
2262464,279609,Action
2263670,264169,Action
2265452,247127,Action
2266691,108594,Action
2266691,303156,Action
2269366,184135,Action
2271870,115048,Action
2273044,180080,Action
2273048,120788,Action
2288828,260322,Action
2289279,128558,Action
2290129,166840,Action
2290136,55449,Action
2290316,149249,Action
2294518,184198,Action
2295106,85889,Action
2296667,88781,Action
2304264,137348,Action
2305587,44035,Action
2305976,228322,Action
2306194,285051,Action
2306197,139740,Action
2306201,65302,Action
2308476,304410,Action
2308730,17871,Action
2309076,88781,Action
2310236,255028,Action
2312345,89882,Action
2312692,297774,Action
2312819,57090,Action
2312897,145362,Action
2313093,124171,Action
2313464,225247,Action
2316029,118604,Action
2324123,260322,Action
2327816,73412,Action
2335038,103083,Action
2338199,55449,Action
2338707,209484,Action
2338708,255028,Action
2338711,106208,Action
2338714,209484,Action
2339477,67866,Action
2344573,7366,Action
2345742,151314,Action
2345742,278493,Action
2349163,77032,Action
2349784,290097,Action
2351693,227338,Action
2351904,192338,Action
2355625,60979,Action
2356134,12251,Action
2360108,16157,Action
2360973,247236,Action
2365078,75298,Action
2365920,69549,Action
2366246,70782,Action
2366248,180294,Action
2366403,28822,Action
2366408,28822,Action
2369317,89864,Action
2370423,295459,Action
2371602,199043,Action
2371610,250665,Action
2371611,182921,Action
2371648,88284,Action
2371651,42495,Action
2371654,88284,Action
2371705,182921,Action
2371726,164445,Action
2371778,164445,Action
2371786,139740,Action
2371787,172392,Action
2372068,78050,Action
2372328,201570,Action
2372407,285051,Action
2373434,131391,Action
2375846,260603,Action
2377877,64303,Action
2378594,116640,Action
2380932,124171,Action
2384418,268114,Action
2384520,70986,Action
2384532,70986,Action
2384532,158093,Action
2384535,158093,Action
2384536,91135,Action
2385207,95767,Action
2385772,68638,Action
2390996,161227,Action
2392001,180603,Action
2395255,269416,Action
2396366,244351,Action
2396390,117873,Action
2398900,17579,Action
2398907,219877,Action
2398908,97562,Action
2401441,276654,Action
2401724,242208,Action
2401750,39629,Action
2402234,159007,Action
2404464,57090,Action
2404464,180080,Action
2405559,133692,Action
2406475,58826,Action
2406475,138254,Action
2408096,198738,Action
2408482,279609,Action
2408762,73412,Action
2409051,73412,Action
2409402,46944,Action
2412638,298652,Action
2412945,82548,Action
2413536,196811,Action
2414225,151963,Action
2414767,73318,Action
2415946,106208,Action
2421254,228909,Action
2421914,86654,Action
2422396,45542,Action
2422818,255127,Action
2422996,220729,Action
2423002,218240,Action
2423004,195164,Action
2426553,4164,Action
2427282,9273,Action
2428934,28945,Action
2432049,23861,Action
2434561,89882,Action
2434795,62087,Action
2435881,70782,Action
2437062,103109,Action
2437320,281106,Action
2437452,230426,Action
2437630,116937,Action
2438716,165862,Action
2438827,75895,Action
2439860,155392,Action
2439860,167193,Action
2441476,252439,Action
2443509,180080,Action
2443522,154406,Action
2445287,25401,Action
2445390,88781,Action
2445390,261563,Action
2445527,44035,Action
2445832,271407,Action
2445853,117774,Action
2446494,12677,Action
2446501,12677,Action
2449747,170452,Action
2452617,111350,Action
2452768,8343,Action
2452768,173879,Action
2452768,205819,Action
2452768,294974,Action
2452768,303824,Action
2453333,260322,Action
2454636,265382,Action
2456019,6523,Action
2456181,123878,Action
2456292,170389,Action
2456586,109735,Action
2456944,169847,Action
2457188,39944,Action
2457464,288437,Action
2457464,288438,Action
2458457,115990,Action
2459369,253795,Action
2460384,258859,Action
2460410,302514,Action
2461085,305750,Action
2461086,305750,Action
2461385,290612,Action
2461485,103083,Action
2461598,297459,Action
2462106,160908,Action
2462153,38785,Action
2463620,171117,Action
2463622,239051,Action
2464699,75298,Action
2465773,78050,Action
2465893,155280,Action
2466403,213822,Action
2466643,297265,Action
2468093,234788,Action
2468209,5049,Action
2468209,196351,Action
2468266,55703,Action
2468663,124171,Action
2469602,290492,Action
2470444,282151,Action
2470520,223394,Action
2472391,91117,Action
2473638,110667,Action
2474020,19189,Action
2474065,131735,Action
2474888,98451,Action
2475166,200697,Action
2476119,179335,Action
2476233,87113,Action
2477403,191991,Action
2477986,146286,Action
2478286,305962,Action
2480572,161871,Action
2480579,176771,Action
2481073,97356,Action
2482887,170040,Action
2484656,39629,Action
2485393,115990,Action
2486246,106208,Action
2486283,116803,Action
2486283,137338,Action
2486285,116803,Action
2486285,137338,Action
2486286,116803,Action
2486286,137338,Action
2486655,252075,Action
2486817,123878,Action
2488375,129452,Action
2491068,112768,Action
2491565,179970,Action
2492725,211555,Action
2494140,9131,Action
2497499,34572,Action
2499488,237483,Action
2500886,302682,Action
2503584,124171,Action
2504449,27271,Action
2504449,99697,Action
2504449,286906,Action
2507383,278538,Action
2508020,55449,Action
2508020,129138,Action
2508265,260603,Action
2509455,247289,Action
2509841,85889,Action
2509841,90796,Action
2509841,175013,Action
2510683,285051,Action
2518451,39629,Action
2518905,266780,Action
2519338,149249,Action
2520706,158773,Action
2520706,297510,Action
2520712,37587,Action
2520896,1756,Action
2522318,28822,Action
2524549,191112,Action
2524640,14380,Action
2531457,62087,Action
2531460,192819,Action
2533451,75298,Action
2533992,78050,Action
2533997,232274,Action
2540794,41939,Action
2548449,157523,Action
2548478,35022,Action
2550559,127519,Action
2556055,42098,Action
2556792,302870,Action
2558138,55703,Action
2558138,228322,Action
2561802,57090,Action
2565487,124034,Action
2569556,64664,Action
2569583,117915,Action
2570013,259027,Action
2570785,121794,Action
2571296,231151,Action
2571358,59455,Action
2571358,293085,Action
2576718,220520,Action
2577075,136660,Action
2577314,254763,Action
2578330,118759,Action
2583695,38785,Action
2583966,158572,Action
2585507,149249,Action
1674388,115990,Adventure
1677631,148294,Adventure
1684486,153377,Adventure
1684486,261605,Adventure
1687730,240297,Adventure
1689183,160252,Adventure
1689210,209133,Adventure
1690318,101761,Adventure
1705196,163979,Adventure
1713183,50946,Adventure
1713183,193333,Adventure
1713499,116956,Adventure
1715025,96107,Adventure
1715025,127600,Adventure
1715025,165371,Adventure
1716020,157027,Adventure
1716020,238574,Adventure
1718342,106006,Adventure
1724180,198038,Adventure
1724180,293168,Adventure
1725774,161871,Adventure
1726934,27271,Adventure
1726934,99697,Adventure
1727885,184465,Adventure
1732496,61210,Adventure
1732496,131633,Adventure
1748196,199896,Adventure
1748219,184466,Adventure
1748996,200260,Adventure
1749731,304410,Adventure
1749735,304410,Adventure
1749737,304410,Adventure
1753266,293168,Adventure
1756051,100012,Adventure
1756391,148294,Adventure
1759983,64247,Adventure
1759983,133347,Adventure
1759983,135849,Adventure
1759983,192209,Adventure
1760386,263287,Adventure
1763877,39750,Adventure
1763883,39750,Adventure
1773944,273467,Adventure
1788314,184710,Adventure
1792102,217454,Adventure
1792102,242345,Adventure
1792349,273467,Adventure
1795157,20255,Adventure
1795698,117761,Adventure
1797365,157634,Adventure
1801936,275252,Adventure
1802287,157470,Adventure
1812202,117224,Adventure
1813663,27289,Adventure
1821807,292450,Adventure
1823865,260322,Adventure
1825348,214082,Adventure
1832852,279430,Adventure
1837340,10450,Adventure
1838481,80882,Adventure
1847080,55703,Adventure
1848859,263287,Adventure
1853531,87752,Adventure
1861004,28945,Adventure
1867752,13312,Adventure
1869304,215255,Adventure
1876090,152211,Adventure
1879599,156841,Adventure
1879599,305551,Adventure
1883527,85889,Adventure
1884286,257078,Adventure
1889850,118604,Adventure
1892010,236460,Adventure
1895425,149633,Adventure
1897778,260322,Adventure
1919947,121483,Adventure
1922571,114305,Adventure
1924700,28945,Adventure
1930942,85889,Adventure
1931213,121794,Adventure
1931235,29481,Adventure
1933552,97642,Adventure
1940121,305753,Adventure
1941011,116837,Adventure
1942625,143399,Adventure
1942758,250260,Adventure
1943718,15282,Adventure
1945816,298935,Adventure
1946023,39750,Adventure
1950688,297265,Adventure
1950689,161376,Adventure
1950690,215854,Adventure
1958267,208963,Adventure
1967290,216920,Adventure
1971929,70110,Adventure
1972108,156904,Adventure
1980073,85881,Adventure
1992600,218940,Adventure
1994580,158093,Adventure
1996222,178314,Adventure
1996275,50946,Adventure
1996275,193333,Adventure
2005467,52953,Adventure
2006320,77536,Adventure
2006322,73753,Adventure
2006660,143399,Adventure
2006702,131735,Adventure
2007305,260322,Adventure
2017211,122575,Adventure
2024833,157634,Adventure
2031233,263287,Adventure
2046051,34185,Adventure
2047096,118604,Adventure
2047331,248272,Adventure
2048619,260322,Adventure
2050380,217675,Adventure
2053107,23861,Adventure
2057859,131735,Adventure
2058680,260322,Adventure
2070627,274699,Adventure
2071915,243331,Adventure
2072508,54305,Adventure
2072508,245549,Adventure
2072510,106208,Adventure
2077306,112944,Adventure
2091255,41852,Adventure
2091255,130253,Adventure
2094683,8349,Adventure
2096794,37760,Adventure
2103144,115808,Adventure
2103866,96107,Adventure
2103866,127600,Adventure
2103866,165371,Adventure
2103975,70986,Adventure
2106899,214082,Adventure
2109093,154945,Adventure
2112515,224927,Adventure
2117637,247236,Adventure
2128890,243574,Adventure
2131017,112943,Adventure
2131017,123726,Adventure
2136125,33534,Adventure
2138299,40901,Adventure
2147404,225613,Adventure
2147404,287748,Adventure
2153110,66373,Adventure
2165318,180080,Adventure
2173343,245549,Adventure
2177959,64003,Adventure
2182361,186516,Adventure
2183254,97642,Adventure
2183254,132520,Adventure
2188028,275755,Adventure
2189721,15635,Adventure
2189721,53910,Adventure
2190371,117905,Adventure
2191997,161897,Adventure
2193422,247850,Adventure
2201125,178312,Adventure
2206541,15282,Adventure
2216145,227131,Adventure
2217530,12931,Adventure
2228369,263287,Adventure
2228704,247344,Adventure
2250593,58711,Adventure
2252075,231217,Adventure
2253332,37121,Adventure
2257129,45158,Adventure
2257265,96107,Adventure
2257265,127600,Adventure
2257265,142263,Adventure
2257265,165371,Adventure
2261598,83109,Adventure
2261598,114412,Adventure
2261598,127600,Adventure
2261598,142263,Adventure
2261598,165371,Adventure
2261598,231132,Adventure
2261598,250638,Adventure
2263331,244016,Adventure
2265771,91540,Adventure
2265771,99484,Adventure
2266891,108594,Adventure
2266891,303156,Adventure
2268776,5798,Adventure
2275543,117295,Adventure
2285997,72782,Adventure
2287637,135547,Adventure
2296892,112593,Adventure
2299999,190139,Adventure
2300104,121483,Adventure
2300351,192621,Adventure
2305197,215030,Adventure
2305466,299207,Adventure
2305931,227332,Adventure
2305974,33684,Adventure
2321373,268114,Adventure
2321444,58826,Adventure
2323351,17680,Adventure
2323351,70851,Adventure
2333344,169006,Adventure
2334876,149633,Adventure
2335622,8349,Adventure
2339491,99032,Adventure
2354464,37121,Adventure
2357424,144427,Adventure
2365142,221538,Adventure
2365297,33684,Adventure
2365844,148294,Adventure
2369519,145141,Adventure
2371052,227131,Adventure
2371502,55750,Adventure
2371603,199043,Adventure
2371692,297774,Adventure
2372234,41939,Adventure
2379184,185384,Adventure
2381959,265383,Adventure
2383956,128805,Adventure
2383956,190755,Adventure
2388702,8343,Adventure
2394293,46944,Adventure
2396330,35541,Adventure
2396330,160252,Adventure
2405780,106015,Adventure
2405835,39629,Adventure
2406259,229392,Adventure
2406308,109500,Adventure
2406458,17579,Adventure
2406479,177028,Adventure
2406749,123878,Adventure
2407308,38785,Adventure
2408389,227332,Adventure
2413457,23000,Adventure
2413457,228922,Adventure
2414153,143399,Adventure
2415964,154945,Adventure
2419964,46229,Adventure
2424023,115808,Adventure
2424023,206452,Adventure
2428475,269613,Adventure
2429382,34004,Adventure
2434412,23000,Adventure
2434412,228922,Adventure
2434412,263128,Adventure
2435394,6301,Adventure
2435974,120788,Adventure
2437170,263287,Adventure
2437383,46148,Adventure
2437988,70986,Adventure
2438568,265382,Adventure
2438760,50946,Adventure
2438760,175884,Adventure
2438760,183443,Adventure
2438760,193333,Adventure
2444223,172086,Adventure
2444351,206452,Adventure
2446151,134302,Adventure
2446368,227332,Adventure
2446369,258859,Adventure
2451456,5201,Adventure
2451456,185384,Adventure
2452910,14791,Adventure
2453421,200094,Adventure
2459227,130820,Adventure
2459965,292674,Adventure
2460383,85387,Adventure
2460406,38319,Adventure
2460422,89098,Adventure
2461620,184465,Adventure
2461621,166840,Adventure
2463129,67488,Adventure
2463462,141967,Adventure
2463462,265382,Adventure
2463462,305307,Adventure
2464994,123404,Adventure
2464994,131735,Adventure
2465321,183021,Adventure
2469053,46170,Adventure
2469053,117293,Adventure
2469053,293168,Adventure
2469104,227131,Adventure
2472465,163749,Adventure
2472465,227332,Adventure
2472465,263128,Adventure
2472467,37612,Adventure
2472467,91540,Adventure
2473215,137348,Adventure
2473798,22622,Adventure
2473798,84899,Adventure
2473798,137226,Adventure
2473798,210747,Adventure
2473798,253828,Adventure
2474705,146598,Adventure
2474705,286731,Adventure
2476335,179325,Adventure
2476415,29496,Adventure
2477732,23669,Adventure
2479393,87006,Adventure
2479771,14663,Adventure
2479771,141967,Adventure
2479989,85572,Adventure
2482834,151963,Adventure
2482984,260322,Adventure
2483674,227332,Adventure
2487726,33684,Adventure
2493444,58206,Adventure
2493444,85984,Adventure
2493444,157914,Adventure
2493444,270776,Adventure
2493444,285767,Adventure
2495779,247236,Adventure
2498766,4930,Adventure
2503087,97642,Adventure
2507690,229234,Adventure
2507787,117086,Adventure
2512048,153377,Adventure
2512050,31746,Adventure
2512050,153377,Adventure
2512050,280572,Adventure
2514980,293515,Adventure
2518423,113016,Adventure
2525874,19104,Adventure
2525874,39601,Adventure
2528406,207801,Adventure
2539567,224053,Adventure
2545380,149633,Adventure
2551718,5049,Adventure
2554996,232934,Adventure
2558123,234677,Adventure
2559217,198038,Adventure
2559217,293168,Adventure
2559217,305550,Adventure
2559217,305551,Adventure
2560598,77485,Adventure
2567099,247236,Adventure
2571413,8349,Adventure
2580619,73929,Adventure
2583701,192819,Adventure
2587077,186318,Adventure
2587077,218353,Adventure
2587976,184465,Adventure
2592334,151963,Adventure
1685493,209133,Animation
1687191,85288,Animation
1712152,306351,Animation
1716019,27271,Animation
1716019,99697,Animation
1716019,148405,Animation
1722181,14791,Animation
1724179,27271,Animation
1753348,4621,Animation
1753348,10292,Animation
1753348,110186,Animation
1753348,114567,Animation
1753348,231132,Animation
1753348,242929,Animation
1753348,299697,Animation
1759851,277909,Animation
1759851,297767,Animation
1807444,69336,Animation
1812255,198151,Animation
1812255,269172,Animation
1815267,163303,Animation
1815267,209133,Animation
1820400,96107,Animation
1820400,127600,Animation
1820400,165371,Animation
1837323,209133,Animation
1878658,129118,Animation
1889253,133216,Animation
1895159,10292,Animation
1895159,77506,Animation
1895159,83109,Animation
1895159,127600,Animation
1895159,142263,Animation
1895159,231132,Animation
1895159,250638,Animation
1928004,176503,Animation
1930793,4621,Animation
1930793,10292,Animation
1930793,20202,Animation
1930793,83109,Animation
1930793,110234,Animation
1930793,114412,Animation
1930793,127600,Animation
1930793,165371,Animation
1930793,231132,Animation
1930793,242929,Animation
1930793,250638,Animation
1930810,4621,Animation
1930810,33163,Animation
1930810,33164,Animation
1930810,37612,Animation
1930810,98593,Animation
1930810,99484,Animation
1930810,108515,Animation
1930810,123404,Animation
1933191,267081,Animation
2018220,217163,Animation
2098630,151240,Animation
2121501,151240,Animation
2151740,54859,Animation
2151740,96107,Animation
2151740,142263,Animation
2151740,165371,Animation
2151740,180191,Animation
2167372,96107,Animation
2167372,127600,Animation
2167372,142263,Animation
2167372,165371,Animation
2255408,145348,Animation
2318730,127600,Animation
2318730,142263,Animation
2318730,165371,Animation
2318730,231132,Animation
2354271,96107,Animation
2357543,55828,Animation
2357543,110186,Animation
2357543,127600,Animation
2357543,189652,Animation
2357543,211359,Animation
2357543,250638,Animation
2362207,87706,Animation
2362207,127600,Animation
2364498,209403,Animation
2373364,69637,Animation
2373364,127081,Animation
2443380,277909,Animation
2443380,297767,Animation
2447164,228922,Animation
2451832,50946,Animation
2451832,193333,Animation
2462515,248272,Animation
2476743,27271,Animation
2483470,228922,Animation
2485327,83109,Animation
2485327,96107,Animation
2485327,142263,Animation
2485327,231132,Animation
2485327,302514,Animation
2485682,81150,Animation
2494787,209133,Animation
2500735,27271,Animation
2500735,99697,Animation
2567467,304410,Animation
2571635,227332,Animation
1672580,297253,Comedy
1673658,155385,Comedy
1673848,133605,Comedy
1677011,116812,Comedy
1677258,99002,Comedy
1677516,93316,Comedy
1678591,180207,Comedy
1679029,273029,Comedy
1679507,218108,Comedy
1682657,246101,Comedy
1682746,103623,Comedy
1685309,50232,Comedy
1686209,263166,Comedy
1687685,211360,Comedy
1688103,50838,Comedy
1688103,57086,Comedy
1689117,22397,Comedy
1689475,158093,Comedy
1690377,46148,Comedy
1690616,172841,Comedy
1690773,30905,Comedy
1690958,73705,Comedy
1691685,147610,Comedy
1692173,119306,Comedy
1692404,202269,Comedy
1692580,126123,Comedy
1693225,87513,Comedy
1693225,114305,Comedy
1693348,120788,Comedy
1694647,31542,Comedy
1696165,167296,Comedy
1696168,230426,Comedy
1696396,240713,Comedy
1697674,154286,Comedy
1698492,241412,Comedy
1699876,103623,Comedy
1703410,262657,Comedy
1703469,305962,Comedy
1704569,249737,Comedy
1704571,202706,Comedy
1706079,259027,Comedy
1706140,73908,Comedy
1708982,236779,Comedy
1709892,123871,Comedy
1711143,256688,Comedy
1711145,173364,Comedy
1711356,156634,Comedy
1711383,84839,Comedy
1711384,746,Comedy
1711384,305750,Comedy
1711384,305753,Comedy
1717144,133024,Comedy
1719614,57290,Comedy
1719614,117352,Comedy
1719614,118604,Comedy
1720443,112288,Comedy
1721919,164445,Comedy
1722164,292909,Comedy
1722164,292913,Comedy
1722395,172331,Comedy
1723002,184726,Comedy
1723532,90419,Comedy
1724037,117957,Comedy
1724037,257600,Comedy
1724193,289590,Comedy
1724413,197534,Comedy
1724880,209364,Comedy
1726761,224053,Comedy
1727237,253101,Comedy
1727348,281227,Comedy
1727413,167452,Comedy
1728948,176634,Comedy
1729260,64664,Comedy
1729569,131523,Comedy
1729818,151963,Comedy
1730640,271865,Comedy
1730975,5185,Comedy
1732344,101529,Comedy
1732858,290310,Comedy
1734162,290011,Comedy
1734803,172775,Comedy
1736592,223394,Comedy
1737340,40901,Comedy
1737766,101316,Comedy
1738481,33652,Comedy
1739234,30006,Comedy
1743028,62974,Comedy
1743689,116837,Comedy
1744178,120744,Comedy
1744391,59798,Comedy
1744809,230882,Comedy
1747494,276710,Comedy
1747649,305750,Comedy
1748315,180888,Comedy
1748315,233072,Comedy
1748754,50232,Comedy
1749026,88176,Comedy
1749026,128080,Comedy
1749247,126616,Comedy
1749438,97726,Comedy
1749683,182696,Comedy
1750816,127537,Comedy
1753400,156165,Comedy
1753578,5185,Comedy
1755112,263674,Comedy
1755524,239635,Comedy
1758003,137999,Comedy
1758767,11290,Comedy
1758856,257202,Comedy
1759448,84275,Comedy
1759573,66414,Comedy
1759654,69832,Comedy
1759685,166806,Comedy
1760449,277767,Comedy
1760752,37121,Comedy
1762161,87467,Comedy
1762174,132635,Comedy
1762229,11239,Comedy
1762654,222247,Comedy
1763910,46944,Comedy
1765164,106006,Comedy
1765787,176516,Comedy
1765811,119783,Comedy
1765827,294099,Comedy
1766668,129492,Comedy
1767537,45120,Comedy
1768698,172841,Comedy
1769145,185309,Comedy
1769408,73359,Comedy
1770807,11290,Comedy
1771528,62483,Comedy
1771673,201818,Comedy
1772092,27050,Comedy
1772500,13745,Comedy
1775245,260276,Comedy
1775747,263287,Comedy
1776173,70851,Comedy
1776338,288883,Comedy
1776407,296930,Comedy
1776556,33684,Comedy
1776893,75895,Comedy
1779474,270776,Comedy
1779528,219707,Comedy
1779868,12394,Comedy
1779868,290194,Comedy
1779868,290310,Comedy
1780595,231018,Comedy
1780992,107517,Comedy
1781518,130286,Comedy
1783500,122540,Comedy
1783641,213321,Comedy
1783685,217664,Comedy
1783892,1836,Comedy
1784275,58206,Comedy
1784416,210101,Comedy
1784877,7456,Comedy
1785529,206452,Comedy
1786183,126294,Comedy
1786236,235144,Comedy
1786566,127537,Comedy
1786921,116081,Comedy
1787511,75895,Comedy
1787525,236779,Comedy
1787603,301461,Comedy
1788154,251550,Comedy
1788621,302870,Comedy
1788628,303160,Comedy
1789015,239635,Comedy
1789145,226410,Comedy
1789269,113501,Comedy
1789692,33652,Comedy
1789747,183693,Comedy
1790984,219587,Comedy
1792218,17976,Comedy
1792281,256129,Comedy
1792625,92388,Comedy
1793297,251217,Comedy
1793451,5185,Comedy
1793604,19608,Comedy
1794255,296930,Comedy
1795427,246155,Comedy
1795427,247220,Comedy
1795631,13331,Comedy
1795997,297628,Comedy
1796704,292753,Comedy
1797386,21219,Comedy
1797386,28851,Comedy
1797386,217299,Comedy
1798372,227817,Comedy
1798632,224053,Comedy
1799339,294684,Comedy
1801311,77100,Comedy
1801311,135790,Comedy
1801574,188812,Comedy
1803921,167634,Comedy
1805163,117957,Comedy
1806217,253505,Comedy
1806794,253870,Comedy
1806914,271407,Comedy
1807303,161972,Comedy
1808298,291315,Comedy
1808524,5185,Comedy
1808813,64821,Comedy
1809864,143071,Comedy
1809998,166385,Comedy
1809998,287633,Comedy
1810092,303666,Comedy
1810470,118604,Comedy
1811626,70851,Comedy
1812450,120819,Comedy
1812490,257078,Comedy
1816238,73705,Comedy
1817898,300158,Comedy
1818562,46944,Comedy
1819155,10892,Comedy
1821619,211138,Comedy
1821769,46148,Comedy
1822607,41508,Comedy
1822639,184635,Comedy
1822675,108647,Comedy
1822675,137338,Comedy
1823008,70059,Comedy
1823101,127519,Comedy
1823361,257078,Comedy
1823753,260639,Comedy
1824615,165812,Comedy
1824623,114305,Comedy
1824685,283396,Comedy
1825343,121794,Comedy
1826962,158966,Comedy
1828716,270309,Comedy
1830564,17579,Comedy
1832720,5798,Comedy
1832872,138597,Comedy
1833143,230426,Comedy
1833995,196836,Comedy
1834266,130807,Comedy
1835296,270847,Comedy
1835618,177028,Comedy
1836147,179747,Comedy
1836984,15661,Comedy
1837467,233838,Comedy
1837469,101488,Comedy
1837962,5185,Comedy
1837991,22397,Comedy
1838360,164962,Comedy
1838411,149415,Comedy
1838619,156165,Comedy
1841896,31140,Comedy
1842301,150080,Comedy
1844854,241735,Comedy
1847051,177253,Comedy
1851750,299429,Comedy
1852854,179557,Comedy
1853104,227338,Comedy
1854233,160908,Comedy
1856613,51961,Comedy
1856672,227124,Comedy
1857769,172779,Comedy
1858038,304410,Comedy
1858463,236420,Comedy
1859351,5185,Comedy
1860181,33595,Comedy
1860806,41852,Comedy
1860806,130253,Comedy
1861112,258028,Comedy
1862412,240474,Comedy
1866391,299429,Comedy
1869092,248019,Comedy
1869461,16085,Comedy
1870151,229758,Comedy
1870221,186165,Comedy
1872091,11282,Comedy
1872587,85923,Comedy
1878537,260120,Comedy
1879298,158572,Comedy
1880648,239104,Comedy
1883528,273029,Comedy
1884087,177892,Comedy
1885177,149415,Comedy
1885734,158319,Comedy
1886005,16458,Comedy
1888102,257754,Comedy
1889491,290492,Comedy
1889579,129113,Comedy
1889788,126246,Comedy
1890437,148294,Comedy
1890588,33684,Comedy
1891605,64706,Comedy
1891649,271051,Comedy
1892794,246148,Comedy
1892991,22397,Comedy
1893207,132575,Comedy
1893210,128840,Comedy
1893343,100138,Comedy
1894338,177288,Comedy
1894453,296930,Comedy
1894753,207795,Comedy
1895102,81813,Comedy
1895102,81818,Comedy
1898449,201633,Comedy
1898779,253379,Comedy
1899474,253495,Comedy
1899694,56116,Comedy
1899741,289805,Comedy
1899769,224980,Comedy
1900069,189625,Comedy
1900319,121794,Comedy
1901554,62363,Comedy
1910848,211138,Comedy
1912439,46424,Comedy
1912439,118604,Comedy
1912439,123047,Comedy
1912439,193135,Comedy
1913354,178655,Comedy
1913703,191537,Comedy
1915291,176568,Comedy
1923072,282892,Comedy
1923244,271865,Comedy
1923821,5185,Comedy
1923981,5185,Comedy
1925337,172779,Comedy
1928940,176822,Comedy
1929205,290796,Comedy
1929514,210799,Comedy
1930227,118604,Comedy
1930572,228322,Comedy
1931607,248140,Comedy
1932160,114305,Comedy
1932451,227124,Comedy
1932817,185400,Comedy
1932819,252882,Comedy
1932958,227338,Comedy
1933254,73068,Comedy
1933599,58432,Comedy
1934075,14131,Comedy
1935417,122854,Comedy
1936069,80087,Comedy
1936478,244369,Comedy
1936478,302638,Comedy
1938743,293958,Comedy
1940096,80096,Comedy
1941271,26367,Comedy
1942058,246268,Comedy
1942296,230426,Comedy
1942299,230426,Comedy
1942828,237483,Comedy
1943470,176568,Comedy
1944457,264132,Comedy
1944862,182999,Comedy
1944905,271865,Comedy
1945371,99002,Comedy
1945589,259027,Comedy
1945700,260285,Comedy
1946463,122772,Comedy
1946963,57941,Comedy
1948277,6981,Comedy
1948277,232145,Comedy
1948277,232620,Comedy
1948277,270370,Comedy
1948340,197534,Comedy
1950286,196811,Comedy
1950577,182822,Comedy
1951003,32878,Comedy
1951279,136660,Comedy
1951417,106995,Comedy
1951417,268679,Comedy
1951931,103083,Comedy
1952054,12720,Comedy
1952201,107863,Comedy
1952386,119790,Comedy
1952391,289553,Comedy
1952676,217282,Comedy
1953354,50232,Comedy
1955728,47042,Comedy
1955747,70851,Comedy
1955750,117761,Comedy
1957176,270776,Comedy
1961185,14901,Comedy
1964200,137056,Comedy
1964209,252502,Comedy
1964242,259027,Comedy
1964467,184488,Comedy
1964503,67488,Comedy
1965236,227338,Comedy
1966241,185400,Comedy
1967074,156165,Comedy
1967955,179004,Comedy
1969868,295588,Comedy
1970159,160271,Comedy
1970338,137999,Comedy
1970505,132718,Comedy
1970696,267451,Comedy
1971464,177288,Comedy
1972807,38785,Comedy
1973432,158572,Comedy
1973808,130820,Comedy
1974272,159037,Comedy
1975181,6981,Comedy
1976612,25386,Comedy
1976643,71935,Comedy
1977589,60979,Comedy
1977592,60979,Comedy
1977857,58824,Comedy
1978312,26428,Comedy
1978415,224053,Comedy
1978778,67488,Comedy
1978782,214084,Comedy
1979111,106995,Comedy
1979111,268679,Comedy
1980267,26385,Comedy
1980412,121794,Comedy
1981170,170350,Comedy
1982133,254719,Comedy
1983455,291315,Comedy
1983859,62483,Comedy
1985443,66413,Comedy
1985755,138000,Comedy
1986482,258646,Comedy
1986845,73359,Comedy
1986848,123150,Comedy
1987088,116822,Comedy
1987126,125290,Comedy
1987387,178066,Comedy
1988380,11239,Comedy
1988448,122772,Comedy
1988626,64664,Comedy
1988919,146213,Comedy
1989616,295434,Comedy
1989826,47495,Comedy
1991064,296957,Comedy
1991269,34695,Comedy
1991544,47042,Comedy
1991707,280494,Comedy
1991969,198184,Comedy
1992315,156634,Comedy
1992374,19608,Comedy
1992374,115673,Comedy
1993553,224980,Comedy
1994279,216632,Comedy
1995071,112288,Comedy
1996227,263287,Comedy
1996365,179534,Comedy
1999095,89150,Comedy
1999308,27485,Comedy
2000130,301307,Comedy
2001271,113501,Comedy
2002500,33684,Comedy
2003554,205235,Comedy
2004240,241341,Comedy
2005166,115990,Comedy
2005202,40070,Comedy
2005459,52953,Comedy
2005550,208963,Comedy
2005831,87721,Comedy
2006016,107361,Comedy
2006796,22694,Comedy
2006992,18080,Comedy
2010080,234743,Comedy
2010339,185309,Comedy
2010351,297358,Comedy
2010417,295495,Comedy
2010432,122540,Comedy
2010439,127413,Comedy
2010439,178842,Comedy
2010442,183066,Comedy
2010861,184696,Comedy
2011327,158093,Comedy
2011835,173285,Comedy
2012189,188968,Comedy
2012308,11290,Comedy
2013370,71935,Comedy
2013847,139708,Comedy
2014806,72319,Comedy
2017357,173309,Comedy
2017696,173120,Comedy
2018109,62310,Comedy
2019186,125256,Comedy
2020780,241412,Comedy
2020812,33652,Comedy
2020856,297504,Comedy
2021095,93823,Comedy
2021329,52329,Comedy
2021560,244369,Comedy
2023205,287778,Comedy
2023228,86000,Comedy
2023565,243956,Comedy
2026315,21654,Comedy
2027469,12551,Comedy
2029975,206452,Comedy
2032104,214080,Comedy
2032173,31499,Comedy
2032270,150377,Comedy
2034409,180285,Comedy
2038910,100853,Comedy
2040205,293515,Comedy
2040689,295426,Comedy
2042414,157481,Comedy
2042414,258680,Comedy
2042462,22694,Comedy
2042532,40901,Comedy
2042748,271865,Comedy
2043628,115963,Comedy
2045231,266162,Comedy
2045245,54501,Comedy
2045328,184787,Comedy
2046667,21715,Comedy
2046667,118902,Comedy
2046902,136840,Comedy
2047593,746,Comedy
2048611,262371,Comedy
2049822,11324,Comedy
2050532,57620,Comedy
2050561,236563,Comedy
2052306,158572,Comedy
2052620,158303,Comedy
2053508,211204,Comedy
2056919,181494,Comedy
2057973,172841,Comedy
2058247,210068,Comedy
2058442,227338,Comedy
2058733,87513,Comedy
2059661,45741,Comedy
2067104,98451,Comedy
2067595,24905,Comedy
2067764,200270,Comedy
2068023,75052,Comedy
2070201,112039,Comedy
2070230,18978,Comedy
2070614,169006,Comedy
2070880,5442,Comedy
2073054,81813,Comedy
2073054,81818,Comedy
2073938,286890,Comedy
2074187,77354,Comedy
2076744,267170,Comedy
2079361,119789,Comedy
2084764,91838,Comedy
2088141,127519,Comedy
2091405,233294,Comedy
2093617,155237,Comedy
2094426,83871,Comedy
2097722,150089,Comedy
2102238,151749,Comedy
2102238,197852,Comedy
2102344,117168,Comedy
2102540,21654,Comedy
2103908,293085,Comedy
2105754,88823,Comedy
2107497,37738,Comedy
2107634,128080,Comedy
2107892,74747,Comedy
2108364,184861,Comedy
2110128,46648,Comedy
2111847,284158,Comedy
2112512,282473,Comedy
2113531,154746,Comedy
2116736,38555,Comedy
2119117,243607,Comedy
2120136,171660,Comedy
2122231,233294,Comedy
2122764,217437,Comedy
2125443,249737,Comedy
2126772,73950,Comedy
2127239,132520,Comedy
2127402,152726,Comedy
2128046,297265,Comedy
2130340,244267,Comedy
2130504,21337,Comedy
2131225,206452,Comedy
2131334,116081,Comedy
2131675,154021,Comedy
2132235,150838,Comedy
2132367,68584,Comedy
2133416,87467,Comedy
2137901,36534,Comedy
2137905,114305,Comedy
2139407,9510,Comedy
2139438,32240,Comedy
2139545,41886,Comedy
2139928,28247,Comedy
2139928,271249,Comedy
2140461,17453,Comedy
2140530,88826,Comedy
2140806,5185,Comedy
2140811,149661,Comedy
2140922,57285,Comedy
2141139,200780,Comedy
2141230,295426,Comedy
2141393,170779,Comedy
2141461,31499,Comedy
2141703,285213,Comedy
2141961,250123,Comedy
2142487,248405,Comedy
2145942,5798,Comedy
2147941,87499,Comedy
2147992,25639,Comedy
2148165,197502,Comedy
2148608,21725,Comedy
2148848,287717,Comedy
2151493,290883,Comedy
2151499,43724,Comedy
2153457,257078,Comedy
2154596,708,Comedy
2154607,205129,Comedy
2154630,249746,Comedy
2155643,5185,Comedy
2155689,5185,Comedy
2156231,147948,Comedy
2156478,236355,Comedy
2159513,66413,Comedy
2159587,37121,Comedy
2160428,263287,Comedy
2162109,67692,Comedy
2162994,235144,Comedy
2164328,136407,Comedy
2164624,81813,Comedy
2164624,81818,Comedy
2164939,227338,Comedy
2164942,162398,Comedy
2164943,181508,Comedy
2164944,295073,Comedy
2165411,240429,Comedy
2165627,40901,Comedy
2165721,15089,Comedy
2165765,30972,Comedy
2165832,230882,Comedy
2167489,66413,Comedy
2168103,116276,Comedy
2168207,259027,Comedy
2170610,243329,Comedy
2170643,263674,Comedy
2171762,88759,Comedy
2171907,78623,Comedy
2172334,169006,Comedy
2173296,146895,Comedy
2173331,5185,Comedy
2174318,21725,Comedy
2174392,217930,Comedy
2175680,43319,Comedy
2176083,247530,Comedy
2178276,87113,Comedy
2178276,157914,Comedy
2178276,162415,Comedy
2178807,109378,Comedy
2179017,78623,Comedy
2179939,46148,Comedy
2180698,73435,Comedy
2182564,46148,Comedy
2183643,8468,Comedy
2183726,130286,Comedy
2186706,284886,Comedy
2187505,118604,Comedy
2187957,18978,Comedy
2188074,72182,Comedy
2188117,298401,Comedy
2188295,57941,Comedy
2188440,185342,Comedy
2188458,43724,Comedy
2188633,52953,Comedy
2188768,21725,Comedy
2188978,31499,Comedy
2189533,5442,Comedy
2189969,224053,Comedy
2190062,136660,Comedy
2190900,119469,Comedy
2190982,230445,Comedy
2191385,213689,Comedy
2192642,119469,Comedy
2192654,271281,Comedy
2192747,25119,Comedy
2192782,14824,Comedy
2192913,19423,Comedy
2192973,165812,Comedy
2193388,214084,Comedy
2193407,21725,Comedy
2193721,156634,Comedy
2194362,150115,Comedy
2194363,146213,Comedy
2195233,219587,Comedy
2195417,30533,Comedy
2196060,169545,Comedy
2196068,129113,Comedy
2196132,230882,Comedy
2196454,3707,Comedy
2196454,16493,Comedy
2196454,181795,Comedy
2197021,136839,Comedy
2199194,22188,Comedy
2200121,4637,Comedy
2206238,86864,Comedy
2206516,101620,Comedy
2206656,140898,Comedy
2208048,42095,Comedy
2208084,7117,Comedy
2209821,121794,Comedy
2210137,75375,Comedy
2210139,65302,Comedy
2210254,129113,Comedy
2211223,127673,Comedy
2211336,52953,Comedy
2211751,164372,Comedy
2212954,36822,Comedy
2213622,244130,Comedy
2214546,22188,Comedy
2216176,146286,Comedy
2217693,172779,Comedy
2217888,183421,Comedy
2218486,98528,Comedy
2218524,9273,Comedy
2219070,193526,Comedy
2219779,150377,Comedy
2219992,247850,Comedy
2226062,251527,Comedy
2226103,133347,Comedy
2227800,169827,Comedy
2229787,82960,Comedy
2229787,123878,Comedy
2229787,263166,Comedy
2229787,285767,Comedy
2230871,70851,Comedy
2230871,138697,Comedy
2231697,119783,Comedy
2231896,119306,Comedy
2232226,178312,Comedy
2233885,130286,Comedy
2236640,209403,Comedy
2240516,54134,Comedy
2240849,117957,Comedy
2240934,41236,Comedy
2240936,55156,Comedy
2241542,27050,Comedy
2243968,292683,Comedy
2245138,35075,Comedy
2248232,121794,Comedy
2248574,49710,Comedy
2249442,287717,Comedy
2250014,293515,Comedy
2252917,233447,Comedy
2253153,291315,Comedy
2253567,54501,Comedy
2257381,31499,Comedy
2258163,77354,Comedy
2258957,199951,Comedy
2259586,41886,Comedy
2259786,262527,Comedy
2261350,291315,Comedy
2261929,60979,Comedy
2263826,251217,Comedy
2264592,42436,Comedy
2264815,235132,Comedy
2267111,296930,Comedy
2267114,208912,Comedy
2267116,208912,Comedy
2267118,72220,Comedy
2267120,193711,Comedy
2267121,28550,Comedy
2267434,53429,Comedy
2269410,50232,Comedy
2269426,50232,Comedy
2269444,145244,Comedy
2270182,73409,Comedy
2271178,172781,Comedy
2272308,73908,Comedy
2274575,172779,Comedy
2274590,67488,Comedy
2275181,198184,Comedy
2275709,12439,Comedy
2276353,305009,Comedy
2276914,26033,Comedy
2277269,30888,Comedy
2277269,147654,Comedy
2277334,123878,Comedy
2277505,73359,Comedy
2277506,158303,Comedy
2279852,5798,Comedy
2280101,142117,Comedy
2282360,197534,Comedy
2285092,20577,Comedy
2285647,224980,Comedy
2288084,5185,Comedy
2288257,257202,Comedy
2289215,162015,Comedy
2289300,51556,Comedy
2289300,51557,Comedy
2292610,237887,Comedy
2292773,230972,Comedy
2292920,54134,Comedy
2293200,263659,Comedy
2293915,227725,Comedy
2297049,43514,Comedy
2297836,172841,Comedy
2298189,102406,Comedy
2298460,56307,Comedy
2298603,162398,Comedy
2301991,118604,Comedy
2302418,251214,Comedy
2302661,155237,Comedy
2303621,836,Comedy
2304330,32715,Comedy
2305025,214084,Comedy
2307015,72800,Comedy
2308229,300073,Comedy
2308916,185704,Comedy
2309427,301461,Comedy
2310074,292450,Comedy
2310159,264261,Comedy
2310722,212429,Comedy
2312852,172779,Comedy
2313519,7456,Comedy
2313912,746,Comedy
2313912,305750,Comedy
2313912,305753,Comedy
2314869,158716,Comedy
2315269,182137,Comedy
2316046,295426,Comedy
2316049,217675,Comedy
2316800,109579,Comedy
2318736,5308,Comedy
2321525,192712,Comedy
2321649,260665,Comedy
2324074,52233,Comedy
2324383,57620,Comedy
2325153,291700,Comedy
2325936,258118,Comedy
2326309,156165,Comedy
2328405,4451,Comedy
2328405,136172,Comedy
2328488,70986,Comedy
2329335,303462,Comedy
2333527,260276,Comedy
2334512,291315,Comedy
2335400,137999,Comedy
2337754,165812,Comedy
2338941,99883,Comedy
2338963,167609,Comedy
2339096,241341,Comedy
2339103,266523,Comedy
2341003,126294,Comedy
2341046,156165,Comedy
2341160,36822,Comedy
2341171,248019,Comedy
2341509,74845,Comedy
2344403,246553,Comedy
2344675,5798,Comedy
2346713,48211,Comedy
2349123,131444,Comedy
2349269,290440,Comedy
2349430,270463,Comedy
2350234,70851,Comedy
2350234,138697,Comedy
2350378,57620,Comedy
2350992,73435,Comedy
2351245,9679,Comedy
2351246,73462,Comedy
2351717,244369,Comedy
2351845,23305,Comedy
2351885,177288,Comedy
2351925,122854,Comedy
2352948,62483,Comedy
2353781,138579,Comedy
2353895,232989,Comedy
2354011,213895,Comedy
2354226,5185,Comedy
2354392,78623,Comedy
2354674,121944,Comedy
2355275,33247,Comedy
2355276,175895,Comedy
2355303,129821,Comedy
2355661,5185,Comedy
2355904,62189,Comedy
2356224,12394,Comedy
2356224,290310,Comedy
2356287,80506,Comedy
2356460,227815,Comedy
2357080,231731,Comedy
2357857,244760,Comedy
2358317,119306,Comedy
2358980,7682,Comedy
2359014,281779,Comedy
2360675,295426,Comedy
2360852,232145,Comedy
2360910,210027,Comedy
2361211,220286,Comedy
2361281,244424,Comedy
2361284,109378,Comedy
2361456,198029,Comedy
2361748,224980,Comedy
2361784,263287,Comedy
2363270,300158,Comedy
2363738,274494,Comedy
2363756,185309,Comedy
2364254,61738,Comedy
2365518,136870,Comedy
2365633,237483,Comedy
2366368,280494,Comedy
2367023,260343,Comedy
2367832,121794,Comedy
2367921,9273,Comedy
2369177,58432,Comedy
2370704,295426,Comedy
2371509,10892,Comedy
2372012,5185,Comedy
2373106,124171,Comedy
2373212,62087,Comedy
2373573,198076,Comedy
2373941,52953,Comedy
2374542,255120,Comedy
2374677,231648,Comedy
2374686,96927,Comedy
2375659,84679,Comedy
2377127,129113,Comedy
2378398,164789,Comedy
2378535,139630,Comedy
2378750,227338,Comedy
2379192,224053,Comedy
2380109,160908,Comedy
2380949,251181,Comedy
2381332,6981,Comedy
2381332,287967,Comedy
2381528,201712,Comedy
2383305,52778,Comedy
2384735,177892,Comedy
2388125,5185,Comedy
2388445,122283,Comedy
2388613,160271,Comedy
2390303,197117,Comedy
2392533,80051,Comedy
2393241,5185,Comedy
2393853,68638,Comedy
2393856,112018,Comedy
2393957,54863,Comedy
2394206,260077,Comedy
2394728,126692,Comedy
2397272,303590,Comedy
2397663,304223,Comedy
2397781,296531,Comedy
2400056,65079,Comedy
2401353,26832,Comedy
2401814,33652,Comedy
2403659,263287,Comedy
2403807,227124,Comedy
2403883,110338,Comedy
2404002,75895,Comedy
2404248,60979,Comedy
2404844,243364,Comedy
2405097,118604,Comedy
2405818,263287,Comedy
2405972,178746,Comedy
2406080,259027,Comedy
2406464,77485,Comedy
2406492,296446,Comedy
2406910,98451,Comedy
2407115,119383,Comedy
2407502,227131,Comedy
2408078,295426,Comedy
2408166,275252,Comedy
2408167,178314,Comedy
2409070,214084,Comedy
2409708,176692,Comedy
2409764,255120,Comedy
2410273,185400,Comedy
2410338,51075,Comedy
2410484,37587,Comedy
2410691,293693,Comedy
2410916,57086,Comedy
2411215,149633,Comedy
2411762,155963,Comedy
2412295,260276,Comedy
2412502,136660,Comedy
2412620,256188,Comedy
2412676,267304,Comedy
2412686,51556,Comedy
2412686,51557,Comedy
2412740,188812,Comedy
2412918,5088,Comedy
2413158,198184,Comedy
2414595,64003,Comedy
2414877,117086,Comedy
2415482,273029,Comedy
2415703,122854,Comedy
2415723,183066,Comedy
2416319,243574,Comedy
2416380,36822,Comedy
2416982,9494,Comedy
2417002,122935,Comedy
2417216,263659,Comedy
2417640,230426,Comedy
2418230,178314,Comedy
2418253,255349,Comedy
2418326,275252,Comedy
2419797,46148,Comedy
2420229,230413,Comedy
2421052,209221,Comedy
2421210,37587,Comedy
2422712,69438,Comedy
2424628,191216,Comedy
2425880,263024,Comedy
2426757,165812,Comedy
2427591,103623,Comedy
2429506,187790,Comedy
2429962,111354,Comedy
2431451,118604,Comedy
2431691,214084,Comedy
2432016,108434,Comedy
2432016,222247,Comedy
2432016,248363,Comedy
2433039,296930,Comedy
2433086,97642,Comedy
2433193,217237,Comedy
2433314,172779,Comedy
2433445,158303,Comedy
2433450,158303,Comedy
2434664,127537,Comedy
2434818,44051,Comedy
2434873,120667,Comedy
2435520,269400,Comedy
2435620,139852,Comedy
2435625,241341,Comedy
2435692,121422,Comedy
2437007,270587,Comedy
2437321,281106,Comedy
2437961,235144,Comedy
2438147,198184,Comedy
2438279,175733,Comedy
2438541,46148,Comedy
2438765,115808,Comedy
2438986,122540,Comedy
2440300,275252,Comedy
2442181,193463,Comedy
2443071,291323,Comedy
2443214,51556,Comedy
2443214,51557,Comedy
2444103,278671,Comedy
2444273,168055,Comedy
2444539,228919,Comedy
2444722,146213,Comedy
2445757,227124,Comedy
2445763,181195,Comedy
2446644,151963,Comedy
2446778,46148,Comedy
2446782,279430,Comedy
2447823,265383,Comedy
2447864,118604,Comedy
2448585,263674,Comedy
2448629,11239,Comedy
2449729,137985,Comedy
2450051,10722,Comedy
2451897,152273,Comedy
2451897,248121,Comedy
2451910,260276,Comedy
2451959,54863,Comedy
2451959,104433,Comedy
2451959,293054,Comedy
2452938,61881,Comedy
2452938,285218,Comedy
2453494,45680,Comedy
2456555,230270,Comedy
2456557,227124,Comedy
2457168,237473,Comedy
2457384,62374,Comedy
2457395,130807,Comedy
2457441,947,Comedy
2458438,47042,Comedy
2458634,178314,Comedy
2458984,264810,Comedy
2459538,21725,Comedy
2460419,115803,Comedy
2460432,206452,Comedy
2460492,33595,Comedy
2461007,89720,Comedy
2461096,7212,Comedy
2462112,244827,Comedy
2462958,158989,Comedy
2462959,249737,Comedy
2463037,124313,Comedy
2463128,239635,Comedy
2463946,53403,Comedy
2463959,234159,Comedy
2464197,156165,Comedy
2464545,172779,Comedy
2464635,292753,Comedy
2464684,113501,Comedy
2464684,122830,Comedy
2465091,284,Comedy
2465091,70851,Comedy
2465142,226589,Comedy
2465145,265383,Comedy
2465208,121794,Comedy
2465224,32758,Comedy
2465320,267568,Comedy
2466194,194787,Comedy
2466584,184676,Comedy
2466782,58206,Comedy
2467591,5798,Comedy
2467606,58038,Comedy
2467655,118604,Comedy
2467993,244358,Comedy
2468555,172841,Comedy
2469496,33684,Comedy
2470130,5185,Comedy
2470557,87113,Comedy
2471175,54863,Comedy
2471265,68584,Comedy
2472087,66414,Comedy
2472260,185400,Comedy
2472393,67488,Comedy
2472800,75895,Comedy
2472807,115505,Comedy
2473917,209221,Comedy
2474100,250526,Comedy
2474742,180294,Comedy
2475103,288883,Comedy
2475423,210068,Comedy
2475442,25936,Comedy
2475442,257569,Comedy
2475939,230426,Comedy
2476201,136807,Comedy
2477524,263287,Comedy
2477525,17976,Comedy
2478017,164372,Comedy
2479024,184696,Comedy
2479418,119622,Comedy
2481665,117761,Comedy
2482169,227131,Comedy
2482925,290496,Comedy
2483077,37083,Comedy
2483077,71897,Comedy
2484054,304223,Comedy
2484104,100911,Comedy
2484853,120667,Comedy
2484924,103801,Comedy
2485008,282502,Comedy
2487210,118604,Comedy
2487366,292674,Comedy
2487415,156634,Comedy
2487884,198231,Comedy
2489362,89150,Comedy
2489534,126016,Comedy
2490655,161041,Comedy
2491349,54543,Comedy
2491830,54543,Comedy
2492491,165812,Comedy
2492644,199906,Comedy
2493775,58206,Comedy
2493900,81254,Comedy
2496353,81813,Comedy
2496353,81818,Comedy
2496608,216303,Comedy
2496783,112490,Comedy
2497211,169820,Comedy
2498143,227131,Comedy
2499216,51075,Comedy
2499216,137999,Comedy
2499970,242030,Comedy
2500022,85923,Comedy
2500912,49834,Comedy
2503810,251217,Comedy
2503827,158572,Comedy
2504995,164372,Comedy
2505091,38775,Comedy
2505110,282892,Comedy
2505595,140752,Comedy
2508103,247850,Comedy
2509481,241341,Comedy
2511051,245774,Comedy
2511307,135473,Comedy
2512132,158572,Comedy
2512542,151963,Comedy
2513057,234026,Comedy
2513082,183752,Comedy
2515489,37181,Comedy
2516147,165812,Comedy
2516358,81164,Comedy
2516406,256688,Comedy
2517067,225751,Comedy
2517305,236779,Comedy
2517414,140850,Comedy
2517491,237158,Comedy
2518007,164372,Comedy
2518736,112288,Comedy
2520062,155431,Comedy
2520326,201537,Comedy
2521170,126123,Comedy
2521605,139358,Comedy
2521605,192156,Comedy
2522027,5088,Comedy
2522182,71072,Comedy
2522674,274955,Comedy
2522758,21803,Comedy
2522957,278002,Comedy
2527825,3134,Comedy
2531770,224980,Comedy
2532030,149415,Comedy
2534991,138000,Comedy
2537149,1851,Comedy
2537149,48676,Comedy
2540772,56774,Comedy
2541368,169493,Comedy
2541694,230972,Comedy
2542489,139873,Comedy
2544156,201349,Comedy
2544594,22477,Comedy
2545754,75895,Comedy
2550858,182921,Comedy
2553800,158572,Comedy
2554203,106006,Comedy
2554361,294249,Comedy
2554662,132318,Comedy
2555100,120137,Comedy
2558441,260276,Comedy
2558443,266631,Comedy
2559249,132732,Comedy
2559529,165399,Comedy
2559855,146286,Comedy
2560159,122854,Comedy
2560616,258646,Comedy
2561419,71572,Comedy
2562193,206452,Comedy
2562503,199906,Comedy
2562929,198184,Comedy
2563736,225751,Comedy
2564194,227131,Comedy
2565851,296234,Comedy
2565873,135566,Comedy
2565985,221521,Comedy
2566203,279430,Comedy
2566262,51892,Comedy
2566626,58826,Comedy
2566918,251217,Comedy
2567258,158452,Comedy
2567937,85699,Comedy
2567991,66892,Comedy
2568931,252879,Comedy
2569037,126123,Comedy
2572280,243956,Comedy
2572655,182558,Comedy
2572675,139808,Comedy
2572978,231577,Comedy
2574016,276214,Comedy
2574613,110667,Comedy
2574824,287717,Comedy
2575313,198184,Comedy
2578392,304738,Comedy
2579662,119427,Comedy
2581428,155431,Comedy
2582703,40901,Comedy
2582995,244760,Comedy
2583382,78623,Comedy
2583601,172779,Comedy
2583633,33684,Comedy
2584311,150377,Comedy
2586057,78431,Comedy
2587786,136658,Comedy
2592963,50126,Comedy
2593112,90204,Comedy
2593313,5442,Comedy
1681633,88781,Crime
1682630,161997,Crime
1682922,246268,Crime
1684201,171422,Crime
1684430,63936,Crime
1685463,148294,Crime
1687905,227131,Crime
1690710,14624,Crime
1690710,183239,Crime
1693861,62087,Crime
1693880,75298,Crime
1696148,223394,Crime
1697856,246268,Crime
1703588,217664,Crime
1703907,75298,Crime
1713755,259746,Crime
1715288,14569,Crime
1721888,245774,Crime
1721967,137773,Crime
1722198,112098,Crime
1727082,219792,Crime
1731412,50366,Crime
1731505,224929,Crime
1742509,169493,Crime
1747545,222850,Crime
1750424,111713,Crime
1750660,83624,Crime
1751071,169349,Crime
1757465,187868,Crime
1760927,245889,Crime
1763019,296071,Crime
1765082,16728,Crime
1772497,166330,Crime
1775854,118604,Crime
1776732,237473,Crime
1777297,9131,Crime
1778258,51556,Crime
1778258,51557,Crime
1778411,223078,Crime
1779361,245774,Crime
1779835,165692,Crime
1779914,280348,Crime
1781241,136660,Crime
1781597,302710,Crime
1785170,288437,Crime
1785170,288438,Crime
1791085,89308,Crime
1803357,218214,Crime
1804232,64003,Crime
1807604,247069,Crime
1816691,217521,Crime
1821229,289358,Crime
1821917,126123,Crime
1823740,156165,Crime
1832832,234788,Crime
1832956,170235,Crime
1833175,6523,Crime
1838092,74629,Crime
1838850,69968,Crime
1839137,119017,Crime
1842580,210101,Crime
1847048,287778,Crime
1847699,234098,Crime
1856608,231018,Crime
1856731,122753,Crime
1856731,122755,Crime
1858357,297504,Crime
1859092,210248,Crime
1859092,210249,Crime
1864846,8349,Crime
1870798,88807,Crime
1871833,118604,Crime
1883995,164962,Crime
1885039,108073,Crime
1888811,295426,Crime
1888823,22397,Crime
1893483,282892,Crime
1895463,298646,Crime
1926507,9131,Crime
1926854,244827,Crime
1929262,118882,Crime
1929431,246268,Crime
1931489,51556,Crime
1931489,51557,Crime
1933702,181459,Crime
1933830,55156,Crime
1944510,199751,Crime
1946397,217798,Crime
1951390,118604,Crime
1951397,118882,Crime
1951428,300608,Crime
1959300,146404,Crime
1960531,58206,Crime
1964073,119017,Crime
1969753,164962,Crime
1975609,136660,Crime
1979839,164962,Crime
1984792,31499,Crime
1985138,142830,Crime
1985642,218785,Crime
1985793,152211,Crime
1990862,170389,Crime
1990862,293413,Crime
1992344,228356,Crime
1995179,208816,Crime
2007256,73462,Crime
2014847,89403,Crime
2016990,118604,Crime
2028072,100138,Crime
2029381,164359,Crime
2031463,238145,Crime
2032626,130286,Crime
2033854,13745,Crime
2037379,255709,Crime
2045876,270370,Crime
2046389,172392,Crime
2046586,298793,Crime
2048413,178842,Crime
2050120,231577,Crime
2053502,294018,Crime
2058950,98731,Crime
2062622,248589,Crime
2062958,194787,Crime
2064107,5798,Crime
2064709,68838,Crime
2069192,123878,Crime
2069265,104077,Crime
2070548,50366,Crime
2071566,148294,Crime
2071800,12546,Crime
2072443,58826,Crime
2072728,83624,Crime
2074067,85853,Crime
2085383,45075,Crime
2086876,45075,Crime
2088076,110667,Crime
2092032,45075,Crime
2100174,275198,Crime
2103526,64253,Crime
2114355,293055,Crime
2119264,12251,Crime
2119409,206521,Crime
2122177,278021,Crime
2122788,279859,Crime
2131031,103096,Crime
2133500,230420,Crime
2144390,255239,Crime
2145409,23861,Crime
2145603,152211,Crime
2153283,19935,Crime
2168402,122753,Crime
2168402,122755,Crime
2171511,6981,Crime
2173027,75298,Crime
2174453,51556,Crime
2174453,51557,Crime
2181493,132732,Crime
2189833,269613,Crime
2190795,118604,Crime
2190803,69968,Crime
2196886,285174,Crime
2202732,264169,Crime
2204532,116956,Crime
2206740,109169,Crime
2207203,100138,Crime
2208430,113016,Crime
2208962,13745,Crime
2209608,164962,Crime
2216031,179799,Crime
2219442,118604,Crime
2228754,226333,Crime
2230917,137826,Crime
2231247,157634,Crime
2231336,269613,Crime
2231882,88807,Crime
2241805,251312,Crime
2244488,244913,Crime
2247345,22962,Crime
2247345,255106,Crime
2254216,81277,Crime
2258588,40434,Crime
2264538,296781,Crime
2265148,51240,Crime
2275139,118882,Crime
2275635,164962,Crime
2280997,270370,Crime
2288908,170389,Crime
2290793,121794,Crime
2291994,170389,Crime
2294497,12720,Crime
2294990,59933,Crime
2299047,270370,Crime
2299646,80178,Crime
2308725,180294,Crime
2308889,299611,Crime
2309617,118604,Crime
2310980,59933,Crime
2311916,286740,Crime
2327740,56774,Crime
2328882,84686,Crime
2335264,200721,Crime
2339111,30905,Crime
2340287,237158,Crime
2354247,158572,Crime
2356755,64003,Crime
2357240,66414,Crime
2366649,118604,Crime
2376870,24941,Crime
2377282,118604,Crime
2378853,22694,Crime
2382368,156165,Crime
2388790,265208,Crime
2388990,7365,Crime
2390631,170389,Crime
2397128,246973,Crime
2408977,123878,Crime
2411361,110667,Crime
2411558,302524,Crime
2412514,159007,Crime
2412859,113501,Crime
2414050,181796,Crime
2414571,200697,Crime
2420111,246268,Crime
2423139,132732,Crime
2425966,179335,Crime
2426074,207256,Crime
2434846,83624,Crime
2435713,293703,Crime
2437039,36738,Crime
2437277,54501,Crime
2437299,54501,Crime
2437300,54501,Crime
2439306,61069,Crime
2439451,89150,Crime
2441957,165286,Crime
2442759,120819,Crime
2442836,180602,Crime
2444638,183422,Crime
2447022,148294,Crime
2451328,258118,Crime
2452580,5798,Crime
2453256,181760,Crime
2455724,123878,Crime
2456020,118604,Crime
2458858,81281,Crime
2459856,164962,Crime
2462408,21529,Crime
2464777,54501,Crime
2465279,118604,Crime
2465999,207256,Crime
2468262,296906,Crime
2468270,223078,Crime
2470910,54501,Crime
2477653,61069,Crime
2478414,66413,Crime
2479134,51903,Crime
2483187,49834,Crime
2483838,242345,Crime
2483957,185342,Crime
2485001,190281,Crime
2485156,226333,Crime
2485256,130286,Crime
2485257,180080,Crime
2488990,64003,Crime
2489145,254763,Crime
2493239,157661,Crime
2494739,118604,Crime
2494890,103096,Crime
2495198,235071,Crime
2496767,22862,Crime
2497303,85853,Crime
2498578,202403,Crime
2501253,301887,Crime
2505066,118604,Crime
2505263,192150,Crime
2511131,293055,Crime
2513237,30905,Crime
2513519,99543,Crime
2514865,103453,Crime
2516166,101866,Crime
2518391,75298,Crime
2518541,247289,Crime
2521851,22188,Crime
2524414,264169,Crime
2531311,118604,Crime
2531488,120788,Crime
2532198,235425,Crime
2532198,287748,Crime
2561516,230993,Crime
2561516,297774,Crime
2562421,98095,Crime
2562421,137231,Crime
2567049,70782,Crime
2569938,179799,Crime
2572301,79752,Crime
2573168,292674,Crime
2578162,123299,Crime
2579702,304740,Crime
2584115,118604,Crime
1677346,22912,Documentary
1682692,12677,Documentary
1684910,273045,Documentary
1689263,13518,Documentary
1691642,305307,Documentary
1693818,58938,Documentary
1693818,282937,Documentary
1697774,246727,Documentary
1720040,87291,Documentary
1721750,40775,Documentary
1721750,110264,Documentary
1721750,145757,Documentary
1721750,253552,Documentary
1722098,256694,Documentary
1722174,122753,Documentary
1722174,122755,Documentary
1730836,26244,Documentary
1735791,71277,Documentary
1737713,182242,Documentary
1741487,20525,Documentary
1746382,172841,Documentary
1746829,211101,Documentary
1749806,258197,Documentary
1753837,135976,Documentary
1754754,89812,Documentary
1755813,220179,Documentary
1756902,245301,Documentary
1765789,227289,Documentary
1766884,158692,Documentary
1767110,26706,Documentary
1773436,215030,Documentary
1775382,203367,Documentary
1783029,212245,Documentary
1784663,48974,Documentary
1785265,11239,Documentary
1786124,211829,Documentary
1790753,189043,Documentary
1790780,67,Documentary
1790780,19163,Documentary
1792523,293280,Documentary
1804484,258404,Documentary
1804947,189636,Documentary
1805273,110012,Documentary
1806151,246973,Documentary
1824923,251217,Documentary
1828055,286463,Documentary
1829153,189043,Documentary
1830509,179799,Documentary
1834154,18859,Documentary
1837319,210661,Documentary
1839442,305978,Documentary
1843039,224927,Documentary
1845075,53330,Documentary
1847035,68316,Documentary
1847595,116741,Documentary
1847739,257011,Documentary
1857796,142557,Documentary
1875013,194201,Documentary
1875764,144478,Documentary
1887066,197534,Documentary
1899730,37121,Documentary
1911817,135976,Documentary
1914192,189360,Documentary
1915861,103845,Documentary
1915861,299019,Documentary
1916996,228534,Documentary
1918615,258118,Documentary
1923287,32106,Documentary
1923287,133361,Documentary
1923287,166921,Documentary
1924384,209221,Documentary
1929146,147677,Documentary
1931497,54595,Documentary
1932207,190281,Documentary
1939525,91694,Documentary
1939525,91699,Documentary
1945248,227135,Documentary
1949144,51033,Documentary
1949444,273335,Documentary
1953362,224919,Documentary
1955231,138830,Documentary
1959117,12018,Documentary
1962315,277425,Documentary
1964069,148389,Documentary
1967379,170235,Documentary
1971093,53258,Documentary
1973922,246973,Documentary
1974984,243128,Documentary
1976319,177420,Documentary
1981506,157914,Documentary
1985576,25259,Documentary
1992100,62398,Documentary
1992502,127537,Documentary
1992682,206673,Documentary
1995178,179799,Documentary
1999986,278697,Documentary
2005656,26926,Documentary
2007465,128528,Documentary
2015664,219686,Documentary
2018562,112098,Documentary
2029309,234458,Documentary
2030641,12018,Documentary
2032879,251473,Documentary
2035238,33317,Documentary
2041945,22694,Documentary
2042524,36373,Documentary
2044952,99002,Documentary
2049814,126992,Documentary
2058644,196576,Documentary
2070622,95442,Documentary
2070622,99626,Documentary
2071578,182643,Documentary
2078652,226673,Documentary
2080719,246973,Documentary
2081397,33750,Documentary
2088412,281485,Documentary
2099471,49615,Documentary
2102312,35655,Documentary
2114635,285911,Documentary
2121785,52463,Documentary
2123712,14111,Documentary
2135675,206720,Documentary
2140029,141967,Documentary
2140029,152245,Documentary
2140049,176471,Documentary
2142714,23392,Documentary
2149158,139808,Documentary
2153014,156165,Documentary
2154663,87291,Documentary
2157273,270731,Documentary
2163581,186754,Documentary
2166642,116837,Documentary
2169876,157875,Documentary
2171943,132732,Documentary
2172541,200926,Documentary
2172541,221608,Documentary
2172829,209221,Documentary
2180060,155721,Documentary
2181096,213327,Documentary
2187739,190281,Documentary
2188547,167609,Documentary
2188708,236779,Documentary
2194143,251473,Documentary
2194168,122575,Documentary
2197407,183406,Documentary
2197407,271375,Documentary
2209075,202808,Documentary
2212209,264169,Documentary
2224890,131735,Documentary
2229516,34004,Documentary
2230732,37039,Documentary
2230732,189871,Documentary
2239941,217675,Documentary
2246675,244016,Documentary
2248438,161668,Documentary
2248473,244599,Documentary
2251093,249737,Documentary
2251761,244016,Documentary
2256004,284567,Documentary
2265563,225236,Documentary
2273174,128528,Documentary
2273896,22086,Documentary
2274852,89150,Documentary
2276841,273029,Documentary
2288625,246973,Documentary
2295575,19608,Documentary
2296438,259016,Documentary
2297404,300608,Documentary
2299492,119306,Documentary
2300450,186754,Documentary
2300450,241190,Documentary
2301689,260453,Documentary
2307534,188812,Documentary
2312022,8468,Documentary
2316115,188017,Documentary
2325897,260322,Documentary
2332489,195978,Documentary
2334625,164962,Documentary
2338484,12018,Documentary
2342997,117351,Documentary
2346939,56307,Documentary
2355719,184297,Documentary
2357676,184582,Documentary
2357676,260037,Documentary
2362428,15061,Documentary
2373221,103870,Documentary
2375749,66413,Documentary
2375950,66413,Documentary
2376295,293085,Documentary
2385744,126992,Documentary
2389414,155721,Documentary
2410182,77403,Documentary
2410667,134935,Documentary
2415560,193328,Documentary
2415560,203526,Documentary
2416504,224980,Documentary
2418557,78703,Documentary
2418557,89944,Documentary
2423072,184331,Documentary
2425159,260276,Documentary
2425160,260276,Documentary
2427355,264169,Documentary
2428775,165692,Documentary
2429381,34004,Documentary
2430482,14198,Documentary
2430482,16200,Documentary
2432392,271760,Documentary
2435697,28945,Documentary
2439001,157575,Documentary
2440730,273452,Documentary
2443624,130286,Documentary
2443864,108073,Documentary
2444704,170452,Documentary
2445594,5798,Documentary
2445594,95735,Documentary
2448577,187455,Documentary
2448671,23669,Documentary
2448908,264990,Documentary
2449525,137722,Documentary
2450589,282704,Documentary
2450945,138998,Documentary
2451008,68897,Documentary
2451386,72746,Documentary
2454234,124313,Documentary
2463153,196351,Documentary
2466152,87291,Documentary
2466489,172781,Documentary
2478105,230972,Documentary
2480294,297774,Documentary
2482282,165692,Documentary
2490998,114526,Documentary
2490998,212272,Documentary
2492509,126016,Documentary
2497612,98099,Documentary
2502098,35982,Documentary
2502501,137425,Documentary
2507620,97310,Documentary
2509799,156822,Documentary
2510661,119730,Documentary
2515573,201084,Documentary
2524696,130716,Documentary
2531186,286463,Documentary
2533461,85320,Documentary
2536738,138190,Documentary
2545159,63979,Documentary
2555555,118604,Documentary
2556271,219904,Documentary
2563451,274664,Documentary
2564828,94515,Documentary
2565814,160965,Documentary
2568399,195978,Documentary
2569814,145757,Documentary
2570133,97310,Documentary
2573045,276654,Documentary
2574729,201757,Documentary
2580276,129113,Documentary
2587740,270453,Documentary
1672052,22397,Drama
1672716,188926,Drama
1673647,302682,Drama
1674737,164962,Drama
1681655,49233,Drama
1684442,234853,Drama
1685241,171761,Drama
1685405,303462,Drama
1685815,257011,Drama
1686071,22000,Drama
1687181,33332,Drama
1687544,137826,Drama
1687738,29531,Drama
1688565,71330,Drama
1691077,58024,Drama
1691793,77481,Drama
1694141,263166,Drama
1694448,300608,Drama
1694901,214082,Drama
1695219,226219,Drama
1695355,126992,Drama
1696473,126992,Drama
1696496,130286,Drama
1696789,53860,Drama
1696789,293085,Drama
1697037,137826,Drama
1697690,188968,Drama
1698547,152938,Drama
1698944,9381,Drama
1698960,184135,Drama
1698972,99897,Drama
1699546,46148,Drama
1703679,6458,Drama
1704577,295426,Drama
1707941,245774,Drama
1708591,229127,Drama
1709901,130286,Drama
1710609,306343,Drama
1710622,306343,Drama
1710673,278193,Drama
1710994,91338,Drama
1711395,113016,Drama
1711395,247530,Drama
1714481,57331,Drama
1714991,279859,Drama
1715793,170350,Drama
1716411,252986,Drama
1716452,184135,Drama
1716615,87638,Drama
1717077,235289,Drama
1717117,262970,Drama
1718318,57620,Drama
1718968,99002,Drama
1721568,181544,Drama
1721607,55156,Drama
1721864,13745,Drama
1722617,218040,Drama
1722761,260322,Drama
1722777,60456,Drama
1724000,177288,Drama
1728742,238145,Drama
1728889,102750,Drama
1729005,184699,Drama
1729026,209221,Drama
1729240,107880,Drama
1730566,234458,Drama
1732658,264169,Drama
1733111,225626,Drama
1733479,54501,Drama
1733566,121794,Drama
1734321,254763,Drama
1734369,225626,Drama
1741682,297459,Drama
1743852,297774,Drama
1745373,61820,Drama
1745406,47160,Drama
1747382,124773,Drama
1747899,47164,Drama
1749222,168837,Drama
1751059,207904,Drama
1753860,287564,Drama
1756980,123871,Drama
1760306,99597,Drama
1760586,85550,Drama
1760876,160908,Drama
1760978,169943,Drama
1762644,216582,Drama
1762853,37760,Drama
1763083,66413,Drama
1763974,175281,Drama
1764861,23669,Drama
1768211,299894,Drama
1768389,52953,Drama
1769516,296701,Drama
1769840,247043,Drama
1769840,278671,Drama
1772651,209221,Drama
1772934,293280,Drama
1773358,217521,Drama
1776063,247236,Drama
1777374,302571,Drama
1778514,161897,Drama
1779201,8702,Drama
1779349,89882,Drama
1779735,229234,Drama
1781295,57176,Drama
1783282,7365,Drama
1784129,160008,Drama
1785755,165709,Drama
1786099,51400,Drama
1786136,49233,Drama
1786136,64821,Drama
1786136,213365,Drama
1786136,223676,Drama
1786142,142117,Drama
1786142,201477,Drama
1786142,256177,Drama
1787149,97642,Drama
1787911,287778,Drama
1788817,154945,Drama
1789259,246973,Drama
1789511,190629,Drama
1789910,135809,Drama
1790082,198095,Drama
1790311,305044,Drama
1790530,76647,Drama
1792363,110373,Drama
1794215,210027,Drama
1796731,72493,Drama
1797310,78594,Drama
1798275,87638,Drama
1799603,57955,Drama
1803905,156822,Drama
1804427,234989,Drama
1804630,198184,Drama
1804779,5442,Drama
1805246,17382,Drama
1805799,58826,Drama
1806845,245774,Drama
1806896,33698,Drama
1807562,302643,Drama
1807863,161897,Drama
1809047,124313,Drama
1809149,240176,Drama
1809197,217575,Drama
1809431,116837,Drama
1809724,49615,Drama
1811722,122575,Drama
1816153,108646,Drama
1816742,290310,Drama
1817535,195521,Drama
1818342,41939,Drama
1819411,298646,Drama
1820288,236959,Drama
1821008,201570,Drama
1821599,293055,Drama
1821739,19935,Drama
1821852,253505,Drama
1822415,192150,Drama
1824929,115256,Drama
1827008,237400,Drama
1827432,57090,Drama
1827800,209221,Drama
1828413,97921,Drama
1828447,11239,Drama
1829030,179400,Drama
1829030,274502,Drama
1829283,9381,Drama
1830116,116735,Drama
1831790,304410,Drama
1831904,233294,Drama
1834632,128040,Drama
1834632,182046,Drama
1835117,211360,Drama
1835175,26381,Drama
1835442,305962,Drama
1836375,231018,Drama
1836516,57348,Drama
1837764,245153,Drama
1839311,148884,Drama
1839754,234098,Drama
1844312,304740,Drama
1844997,117107,Drama
1846990,108646,Drama
1847235,201570,Drama
1847692,83624,Drama
1847722,89150,Drama
1851871,287780,Drama
1853052,61414,Drama
1854142,169349,Drama
1854918,21249,Drama
1856595,129113,Drama
1856727,292674,Drama
1856763,57348,Drama
1856939,240123,Drama
1857326,56774,Drama
1858396,217521,Drama
1860327,138302,Drama
1861202,142160,Drama
1864055,293280,Drama
1866000,244913,Drama
1866400,287748,Drama
1868310,55048,Drama
1868312,89403,Drama
1868452,198298,Drama
1869771,22707,Drama
1870038,165341,Drama
1871727,46944,Drama
1873263,244913,Drama
1875962,237833,Drama
1879358,63380,Drama
1880202,9679,Drama
1880846,158572,Drama
1883153,156165,Drama
1883660,154945,Drama
1886830,304743,Drama
1888780,252775,Drama
1889621,8171,Drama
1890522,54501,Drama
1891484,75922,Drama
1891803,265453,Drama
1893657,51993,Drama
1894619,33903,Drama
1894619,68897,Drama
1894619,88851,Drama
1894619,181923,Drama
1894619,248447,Drama
1894619,285767,Drama
1894619,287748,Drama
1896345,246268,Drama
1896980,128080,Drama
1897539,82756,Drama
1898539,137826,Drama
1898814,120819,Drama
1898834,118604,Drama
1900465,37121,Drama
1903954,86806,Drama
1904083,99380,Drama
1904548,93051,Drama
1904704,243128,Drama
1914108,174862,Drama
1915247,197534,Drama
1920973,290695,Drama
1921463,281227,Drama
1922080,51757,Drama
1923001,157193,Drama
1923531,255962,Drama
1923955,217673,Drama
1925477,76326,Drama
1925610,73260,Drama
1926668,302643,Drama
1926866,77485,Drama
1927003,148294,Drama
1928755,265413,Drama
1929151,243956,Drama
1930730,22707,Drama
1932389,165778,Drama
1933459,86654,Drama
1933633,292674,Drama
1934406,76326,Drama
1934787,264820,Drama
1935106,47164,Drama
1935619,286659,Drama
1936394,231731,Drama
1936800,84686,Drama
1938005,11602,Drama
1939666,198260,Drama
1940174,212720,Drama
1941100,223078,Drama
1941902,165778,Drama
1942017,246268,Drama
1942223,143689,Drama
1942787,112288,Drama
1942898,235580,Drama
1943586,41457,Drama
1945150,235144,Drama
1945579,223394,Drama
1946107,131689,Drama
1946595,248941,Drama
1946833,185309,Drama
1947355,304410,Drama
1948561,113927,Drama
1949508,31499,Drama
1949624,160754,Drama
1952490,285225,Drama
1952923,305307,Drama
1955153,148294,Drama
1957472,168981,Drama
1960768,198058,Drama
1963038,137826,Drama
1963479,104964,Drama
1963756,23392,Drama
1963794,117915,Drama
1964339,156165,Drama
1965214,305753,Drama
1965632,227131,Drama
1965850,263166,Drama
1966349,285764,Drama
1967389,149366,Drama
1969187,298793,Drama
1969197,86654,Drama
1969851,305962,Drama
1970215,277767,Drama
1970300,297628,Drama
1970861,156791,Drama
1971706,120386,Drama
1972884,58206,Drama
1972884,85984,Drama
1972884,298935,Drama
1973625,282892,Drama
1974519,247704,Drama
1975664,101904,Drama
1976109,143399,Drama
1976777,58024,Drama
1978263,112002,Drama
1979447,147021,Drama
1979883,293099,Drama
1981072,160754,Drama
1984305,185309,Drama
1984593,206531,Drama
1984751,193937,Drama
1984763,203976,Drama
1984785,304223,Drama
1984793,5425,Drama
1988834,36634,Drama
1990705,156165,Drama
1991115,144965,Drama
1992478,130716,Drama
1992538,170235,Drama
1992774,279334,Drama
1993913,28945,Drama
1996544,216721,Drama
1998864,167296,Drama
1999026,48629,Drama
1999210,305307,Drama
1999581,255028,Drama
2004444,218214,Drama
2005242,172213,Drama
2005280,265635,Drama
2006907,304740,Drama
2007295,292899,Drama
2007522,8468,Drama
2007673,294249,Drama
2011220,87113,Drama
2011538,266106,Drama
2012474,126992,Drama
2013180,230445,Drama
2014741,304740,Drama
2014992,61090,Drama
2016321,22707,Drama
2018119,120751,Drama
2018570,291677,Drama
2019328,64253,Drama
2023079,8702,Drama
2023785,7309,Drama
2024562,169147,Drama
2025172,23669,Drama
2025742,64253,Drama
2026671,44257,Drama
2027949,172663,Drama
2028079,279438,Drama
2030303,132732,Drama
2033355,293280,Drama
2034091,165778,Drama
2034705,290695,Drama
2035535,147021,Drama
2037640,279430,Drama
2037667,222048,Drama
2037667,222049,Drama
2038091,5185,Drama
2039774,201570,Drama
2042450,54863,Drama
2043167,143399,Drama
2043588,40901,Drama
2044667,66577,Drama
2044913,264169,Drama
2047641,304223,Drama
2049321,23392,Drama
2049438,73038,Drama
2049438,173483,Drama
2051069,167340,Drama
2052559,47164,Drama
2053384,278671,Drama
2054579,253795,Drama
2054984,270161,Drama
2056719,297628,Drama
2057507,278021,Drama
2057709,145860,Drama
2058289,156165,Drama
2061440,149249,Drama
2065922,247984,Drama
2066931,27603,Drama
2069717,87353,Drama
2071313,169658,Drama
2072804,258118,Drama
2074106,264257,Drama
2074632,187269,Drama
2075554,50873,Drama
2078857,22188,Drama
2082589,241227,Drama
2085434,134374,Drama
2087502,276032,Drama
2087693,127938,Drama
2091188,64253,Drama
2092629,140850,Drama
2093179,165001,Drama
2093616,127938,Drama
2093759,5442,Drama
2094455,227647,Drama
2094747,136839,Drama
2094854,220961,Drama
2095261,61462,Drama
2095288,276032,Drama
2095320,58124,Drama
2099040,61116,Drama
2099040,61118,Drama
2100901,65689,Drama
2100911,286512,Drama
2102302,305548,Drama
2103955,162015,Drama
2104759,6429,Drama
2107118,22397,Drama
2107404,282997,Drama
2108654,219792,Drama
2109065,73435,Drama
2110112,283396,Drama
2110973,8157,Drama
2111069,157725,Drama
2111960,169493,Drama
2112240,215124,Drama
2112346,23861,Drama
2113512,99002,Drama
2113595,82756,Drama
2115171,127938,Drama
2115628,237158,Drama
2116072,98099,Drama
2116658,64905,Drama
2116855,84408,Drama
2117874,305962,Drama
2119425,41028,Drama
2120569,41837,Drama
2121565,157070,Drama
2121889,66481,Drama
2122271,279859,Drama
2124260,37794,Drama
2125639,158572,Drama
2126243,204638,Drama
2126595,31334,Drama
2126595,281547,Drama
2127843,28258,Drama
2127926,245774,Drama
2128569,70519,Drama
2128957,46148,Drama
2130419,274227,Drama
2130468,23669,Drama
2130832,57331,Drama
2130889,96851,Drama
2131430,10238,Drama
2133245,40066,Drama
2134055,148294,Drama
2134058,165778,Drama
2134388,243574,Drama
2134453,184413,Drama
2136535,180335,Drama
2137970,107361,Drama
2138073,106836,Drama
2138292,165692,Drama
2139026,236571,Drama
2139396,220313,Drama
2140074,297869,Drama
2140712,39776,Drama
2143749,12394,Drama
2144547,295011,Drama
2145699,57348,Drama
2146907,279859,Drama
2146945,22953,Drama
2147811,155392,Drama
2147962,55590,Drama
2148026,25398,Drama
2148281,186386,Drama
2148400,244827,Drama
2150211,7365,Drama
2153421,255428,Drama
2153998,210049,Drama
2154565,142886,Drama
2156364,23392,Drama
2157724,224699,Drama
2158286,219401,Drama
2159258,118604,Drama
2160048,170409,Drama
2160308,303551,Drama
2160436,89150,Drama
2160769,135331,Drama
2161122,132697,Drama
2161615,258317,Drama
2162013,243574,Drama
2162762,126992,Drama
2164115,5798,Drama
2165624,32490,Drama
2168109,32715,Drama
2168361,243574,Drama
2168965,267880,Drama
2169865,170094,Drama
2170625,152211,Drama
2171589,8168,Drama
2172808,244827,Drama
2173730,32758,Drama
2174014,58826,Drama
2174948,73409,Drama
2176086,176568,Drama
2176789,227131,Drama
2177244,84408,Drama
2179406,156165,Drama
2180670,66728,Drama
2181690,94601,Drama
2182213,233838,Drama
2185767,101246,Drama
2187886,115990,Drama
2187965,84408,Drama
2188332,40901,Drama
2188553,101529,Drama
2188696,300073,Drama
2190734,231950,Drama
2191428,56774,Drama
2193169,237510,Drama
2193264,58206,Drama
2193276,195978,Drama
2194153,236508,Drama
2194471,285050,Drama
2194580,162015,Drama
2194791,282892,Drama
2199218,5425,Drama
2199868,156822,Drama
2201311,142288,Drama
2201727,5798,Drama
2202537,89278,Drama
2202880,81651,Drama
2202880,226103,Drama
2204067,24941,Drama
2205227,9131,Drama
2205327,243149,Drama
2206242,164962,Drama
2207384,83624,Drama
2207954,205235,Drama
2208474,101647,Drama
2210617,29353,Drama
2211077,203615,Drama
2211282,165778,Drama
2211395,222850,Drama
2217636,202210,Drama
2217718,33780,Drama
2217782,118604,Drama
2220554,66577,Drama
2221102,63979,Drama
2225574,57331,Drama
2225605,135781,Drama
2225624,255076,Drama
2229633,238068,Drama
2230251,147021,Drama
2231307,226970,Drama
2231855,228322,Drama
2231909,87291,Drama
2232552,84408,Drama
2233001,88807,Drama
2233552,84351,Drama
2233759,113501,Drama
2236433,226219,Drama
2237013,218934,Drama
2237801,10238,Drama
2238427,304223,Drama
2238465,218506,Drama
2238483,209364,Drama
2238595,232141,Drama
2239654,298935,Drama
2240406,276551,Drama
2244080,253101,Drama
2245091,158831,Drama
2246169,114029,Drama
2247366,22397,Drama
2247594,302543,Drama
2248580,293280,Drama
2250495,243574,Drama
2250599,22953,Drama
2251197,225626,Drama
2251241,148294,Drama
2251833,244757,Drama
2251833,287449,Drama
2254219,81277,Drama
2254327,263166,Drama
2256605,183421,Drama
2258248,279430,Drama
2258328,66413,Drama
2258958,10582,Drama
2259483,162415,Drama
2259508,292674,Drama
2259556,113053,Drama
2261353,209221,Drama
2262957,22188,Drama
2265188,244369,Drama
2266198,255028,Drama
2266555,113846,Drama
2266574,250889,Drama
2266575,101963,Drama
2267673,267568,Drama
2268063,70352,Drama
2270749,305800,Drama
2271822,240375,Drama
2272532,110171,Drama
2274790,306168,Drama
2274949,25398,Drama
2280376,254763,Drama
2281105,191537,Drama
2286681,226219,Drama
2288969,184135,Drama
2289039,158572,Drama
2290489,217675,Drama
2290562,168837,Drama
2293500,118604,Drama
2293587,225613,Drama
2296987,183775,Drama
2298804,10582,Drama
2300162,23201,Drama
2300333,123342,Drama
2300354,236460,Drama
2302051,162685,Drama
2302526,155431,Drama
2303953,202933,Drama
2307228,12677,Drama
2307246,261302,Drama
2307247,261302,Drama
2307248,261302,Drama
2307289,12677,Drama
2308305,32239,Drama
2308720,164789,Drama
2308758,304223,Drama
2309334,50791,Drama
2310119,217521,Drama
2310222,61116,Drama
2310222,61118,Drama
2310265,276747,Drama
2310724,153965,Drama
2310851,78464,Drama
2311011,228916,Drama
2311879,200882,Drama
2313047,147890,Drama
2316742,113846,Drama
2316801,1151,Drama
2319753,274935,Drama
2320925,77728,Drama
2321221,283396,Drama
2322051,234098,Drama
2324198,8685,Drama
2325529,32490,Drama
2325646,244964,Drama
2325949,286463,Drama
2329715,181760,Drama
2330057,118604,Drama
2330470,156822,Drama
2333494,155431,Drama
2335431,88781,Drama
2336864,258118,Drama
2338685,265479,Drama
2339246,11239,Drama
2339347,263166,Drama
2341100,43320,Drama
2345354,285051,Drama
2346707,168983,Drama
2348226,22397,Drama
2350339,245889,Drama
2353641,158452,Drama
2354396,266096,Drama
2354792,273950,Drama
2354959,200697,Drama
2355555,167296,Drama
2357437,117351,Drama
2357807,165371,Drama
2357807,246326,Drama
2359505,303640,Drama
2360614,117239,Drama
2360660,67488,Drama
2360702,95787,Drama
2360833,71046,Drama
2361193,50791,Drama
2361450,268114,Drama
2361575,6523,Drama
2361785,156083,Drama
2362113,296701,Drama
2363015,207256,Drama
2364887,134667,Drama
2365831,19659,Drama
2365831,179786,Drama
2366980,158572,Drama
2367930,137826,Drama
2369623,279344,Drama
2370089,246268,Drama
2370348,296957,Drama
2370742,286463,Drama
2370772,270453,Drama
2371045,57135,Drama
2371246,230445,Drama
2373241,23669,Drama
2373256,135227,Drama
2373256,218587,Drama
2373470,235144,Drama
2380982,170350,Drama
2382687,272201,Drama
2383252,295426,Drama
2383280,100012,Drama
2383350,267880,Drama
2384304,268746,Drama
2386139,118604,Drama
2386293,178478,Drama
2386293,253186,Drama
2387903,297426,Drama
2388316,140752,Drama
2388540,42738,Drama
2391515,140673,Drama
2394155,109846,Drama
2395044,243128,Drama
2395942,63876,Drama
2396028,225624,Drama
2400037,83141,Drama
2400921,22397,Drama
2402490,231403,Drama
2402907,123538,Drama
2406092,83624,Drama
2406808,246973,Drama
2407102,182752,Drama
2408133,74571,Drama
2409105,225444,Drama
2409717,83141,Drama
2409949,157914,Drama
2411034,290877,Drama
2411492,244827,Drama
2411839,300073,Drama
2412397,137787,Drama
2412518,300073,Drama
2412879,65787,Drama
2414419,127519,Drama
2415240,43724,Drama
2415427,244016,Drama
2415971,75298,Drama
2416189,20742,Drama
2416410,84408,Drama
2417211,248335,Drama
2418562,25470,Drama
2418704,86654,Drama
2418726,304223,Drama
2419706,109378,Drama
2420761,260322,Drama
2420795,246973,Drama
2421550,165341,Drama
2421643,54501,Drama
2421720,103623,Drama
2422513,85923,Drama
2422979,212259,Drama
2423044,124313,Drama
2423061,102984,Drama
2423104,250260,Drama
2423315,121203,Drama
2423437,85387,Drama
2423557,98451,Drama
2424563,297774,Drama
2425205,104964,Drama
2425222,49834,Drama
2425640,111178,Drama
2425936,108073,Drama
2428555,89872,Drama
2428578,197643,Drama
2429043,116726,Drama
2429253,293280,Drama
2429270,69968,Drama
2429271,132732,Drama
2429495,185342,Drama
2430658,143689,Drama
2430959,244827,Drama
2431294,247289,Drama
2432285,164694,Drama
2432757,217675,Drama
2434963,64003,Drama
2435197,84686,Drama
2435972,170350,Drama
2435997,139411,Drama
2437434,126992,Drama
2437728,85984,Drama
2437728,88851,Drama
2437728,166993,Drama
2437728,298935,Drama
2437803,199043,Drama
2438101,99447,Drama
2438272,87113,Drama
2438866,41508,Drama
2439154,66373,Drama
2439616,89882,Drama
2440155,110667,Drama
2440247,85550,Drama
2441467,89150,Drama
2442666,226219,Drama
2443099,12251,Drama
2443655,235289,Drama
2443779,155431,Drama
2444128,151499,Drama
2445189,293997,Drama
2445248,91135,Drama
2446143,73435,Drama
2446203,290310,Drama
2446248,18698,Drama
2446421,96927,Drama
2447027,130820,Drama
2447082,4164,Drama
2447163,152273,Drama
2447248,223078,Drama
2448078,157045,Drama
2449148,27802,Drama
2449330,290764,Drama
2449449,131749,Drama
2449498,246973,Drama
2449530,33698,Drama
2450102,73435,Drama
2452304,138538,Drama
2452719,211360,Drama
2452983,84408,Drama
2453314,295426,Drama
2453747,285764,Drama
2453777,117239,Drama
2456218,96982,Drama
2456265,157575,Drama
2456443,15725,Drama
2456443,80286,Drama
2456585,219792,Drama
2456637,88781,Drama
2456741,118604,Drama
2460167,118604,Drama
2460382,89713,Drama
2461289,158572,Drama
2461549,62029,Drama
2461650,275373,Drama
2466916,40070,Drama
2467141,103623,Drama
2468205,40070,Drama
2469075,264810,Drama
2469815,98528,Drama
2469819,182046,Drama
2470287,124389,Drama
2470575,63380,Drama
2471102,275373,Drama
2471217,37951,Drama
2472292,126992,Drama
2473304,197327,Drama
2473585,238068,Drama
2474783,301461,Drama
2475195,123538,Drama
2475387,185400,Drama
2475680,255514,Drama
2475682,130820,Drama
2476422,110012,Drama
2476484,119730,Drama
2476750,243574,Drama
2477259,246128,Drama
2479029,252879,Drama
2479085,118604,Drama
2480359,181129,Drama
2480499,169820,Drama
2480924,305444,Drama
2481424,137907,Drama
2482876,266058,Drama
2483519,76326,Drama
2484082,218934,Drama
2485013,169349,Drama
2485163,119730,Drama
2485547,297426,Drama
2485620,264855,Drama
2485971,54863,Drama
2487055,144644,Drama
2487095,174935,Drama
2487653,221228,Drama
2488034,228356,Drama
2488227,137348,Drama
2489627,164962,Drama
2489677,61657,Drama
2490074,54512,Drama
2490779,294759,Drama
2490945,12720,Drama
2491016,235576,Drama
2491020,79752,Drama
2491493,217675,Drama
2491802,110316,Drama
2492771,13841,Drama
2493094,258197,Drama
2493184,11566,Drama
2493193,229447,Drama
2493503,288638,Drama
2494910,73435,Drama
2494924,292674,Drama
2496840,217675,Drama
2498040,222324,Drama
2499368,217675,Drama
2499704,35892,Drama
2499854,54134,Drama
2501343,47160,Drama
2502334,246268,Drama
2503124,187987,Drama
2504464,196583,Drama
2504469,39629,Drama
2504794,271339,Drama
2505183,219877,Drama
2505515,50691,Drama
2506826,5442,Drama
2508085,237529,Drama
2511419,69502,Drama
2517391,111155,Drama
2517415,140850,Drama
2517416,140850,Drama
2521986,217610,Drama
2522447,86654,Drama
2522562,232934,Drama
2522618,63214,Drama
2522651,131508,Drama
2522948,142160,Drama
2525819,200882,Drama
2528355,157070,Drama
2529538,216202,Drama
2532812,86945,Drama
2533625,43320,Drama
2536827,12720,Drama
2537109,107880,Drama
2537793,175792,Drama
2538575,183873,Drama
2542878,113846,Drama
2543337,128080,Drama
2544143,88430,Drama
2547971,85424,Drama
2551701,234788,Drama
2554699,101246,Drama
2557229,119730,Drama
2560564,297628,Drama
2561165,244358,Drama
2562411,290612,Drama
2562422,4164,Drama
2562822,304410,Drama
2563410,109378,Drama
2563697,255779,Drama
2564560,236355,Drama
2564953,170094,Drama
2566895,195047,Drama
2567890,198184,Drama
2571171,296617,Drama
2573677,198184,Drama
2574730,297628,Drama
2576852,122298,Drama
2578346,301900,Drama
2581228,304740,Drama
2581836,21249,Drama
2585064,124781,Drama
2586756,128261,Drama
1679920,209002,Horror
1693341,56774,Horror
1693345,237473,Horror
1693346,111350,Horror
1693347,252439,Horror
1715186,247236,Horror
1717910,271407,Horror
1722776,85889,Horror
1724190,151963,Horror
1725437,156102,Horror
1727017,237833,Horror
1728802,209221,Horror
1750728,226096,Horror
1757485,190139,Horror
1777932,27051,Horror
1778025,158966,Horror
1778413,190552,Horror
1781274,226096,Horror
1781303,83624,Horror
1788624,293997,Horror
1788636,298793,Horror
1794772,58769,Horror
1802055,234458,Horror
1802058,53258,Horror
1802676,155392,Horror
1802677,246973,Horror
1804898,112522,Horror
1804923,187534,Horror
1804923,254160,Horror
1805225,64003,Horror
1815901,119790,Horror
1815914,150683,Horror
1815915,21466,Horror
1816171,140837,Horror
1816175,220029,Horror
1816176,117299,Horror
1829152,258438,Horror
1838568,65543,Horror
1840524,195780,Horror
1840882,271407,Horror
1846390,119017,Horror
1846390,271025,Horror
1856325,200697,Horror
1857496,66071,Horror
1881802,200981,Horror
1881868,20504,Horror
1890515,34623,Horror
1890515,89713,Horror
1890516,85387,Horror
1898971,120667,Horror
1923165,7366,Horror
1925449,28945,Horror
1927004,92399,Horror
1927021,139740,Horror
1938142,298619,Horror
1949502,293997,Horror
1950466,269416,Horror
1951984,58545,Horror
1951988,185309,Horror
1951989,185309,Horror
1951990,35749,Horror
1951991,114337,Horror
1951993,262584,Horror
1952001,305385,Horror
1974724,237529,Horror
1976454,255033,Horror
1984278,41939,Horror
1984283,161376,Horror
1984284,205903,Horror
1984320,234930,Horror
1984323,289553,Horror
1984372,46277,Horror
1993850,67251,Horror
1994073,224526,Horror
1994414,16692,Horror
1994419,257600,Horror
1994419,300544,Horror
2002121,82756,Horror
2002121,169493,Horror
2002121,281227,Horror
2008297,173999,Horror
2010811,43728,Horror
2010812,169676,Horror
2012514,189043,Horror
2017615,97595,Horror
2018491,43728,Horror
2018634,40434,Horror
2019451,173766,Horror
2020617,19104,Horror
2027057,19104,Horror
2028238,75785,Horror
2032839,41939,Horror
2035079,9836,Horror
2038757,132732,Horror
2039701,253187,Horror
2042417,10450,Horror
2048384,179557,Horror
2048622,268114,Horror
2096283,19104,Horror
2096850,233547,Horror
2097603,9314,Horror
2106723,58613,Horror
2116708,36926,Horror
2117546,111867,Horror
2127563,118604,Horror
2127575,120667,Horror
2136104,16692,Horror
2157118,244827,Horror
2174775,65543,Horror
2191929,289590,Horror
2205117,37677,Horror
2207291,56774,Horror
2209901,111614,Horror
2210196,233838,Horror
2210519,242345,Horror
2216640,38755,Horror
2216640,39702,Horror
2216640,56497,Horror
2216640,142318,Horror
2216640,164591,Horror
2216642,192717,Horror
2235600,19104,Horror
2247913,15640,Horror
2252158,90893,Horror
2253441,219182,Horror
2257031,151499,Horror
2257906,55402,Horror
2258068,46277,Horror
2262428,54863,Horror
2263106,298793,Horror
2267777,120667,Horror
2267780,96927,Horror
2267781,251536,Horror
2278576,165740,Horror
2278585,29445,Horror
2280097,118604,Horror
2280098,282892,Horror
2280125,88848,Horror
2280126,212990,Horror
2281160,297566,Horror
2285138,106015,Horror
2285139,14663,Horror
2291501,131348,Horror
2291903,25398,Horror
2292470,101320,Horror
2293483,19104,Horror
2296145,206521,Horror
2298717,217521,Horror
2307985,99873,Horror
2327746,56774,Horror
2327747,56774,Horror
2338375,118604,Horror
2353900,162449,Horror
2354219,118102,Horror
2354438,94214,Horror
2361778,255127,Horror
2363269,88650,Horror
2370472,118604,Horror
2374584,288883,Horror
2375093,144644,Horror
2377049,215462,Horror
2377173,96851,Horror
2387087,56774,Horror
2393876,58432,Horror
2395953,10450,Horror
2402836,278538,Horror
2407577,234788,Horror
2409655,218785,Horror
2410686,295332,Horror
2413168,118604,Horror
2413799,193787,Horror
2413799,268283,Horror
2413948,71606,Horror
2413948,301590,Horror
2414400,297774,Horror
2415512,103481,Horror
2419930,191479,Horror
2424038,233838,Horror
2425835,85387,Horror
2430234,89882,Horror
2430236,26695,Horror
2430810,232620,Horror
2431715,231099,Horror
2432424,14569,Horror
2433612,197327,Horror
2433613,57348,Horror
2433626,288988,Horror
2433734,41939,Horror
2434036,34642,Horror
2436084,138603,Horror
2436288,5798,Horror
2440732,297774,Horror
2441559,30343,Horror
2441559,50572,Horror
2443201,60979,Horror
2444642,50791,Horror
2446984,138603,Horror
2447114,41969,Horror
2447114,202441,Horror
2450038,157523,Horror
2456021,118604,Horror
2457234,54863,Horror
2460402,101035,Horror
2460404,154648,Horror
2463624,70986,Horror
2466743,45868,Horror
2466743,133424,Horror
2466743,150640,Horror
2466743,247690,Horror
2470056,205014,Horror
2470769,250889,Horror
2472244,124171,Horror
2473007,119622,Horror
2477894,148294,Horror
2481584,87006,Horror
2482401,90038,Horror
2484852,199280,Horror
2485015,41939,Horror
2485041,113501,Horror
2485041,201065,Horror
2485831,43728,Horror
2495820,71639,Horror
2497412,119790,Horror
2509643,118604,Horror
2510141,118604,Horror
2523180,158966,Horror
2537704,26617,Horror
2537710,205993,Horror
2547352,230007,Horror
2547353,41939,Horror
2577428,200079,Horror
1677472,177966,Other
1678036,124171,Other
1715253,111907,Other
1724201,185400,Other
1729579,198711,Other
1730457,75955,Other
1736211,212008,Other
1748317,71009,Other
1756768,285051,Other
1771672,294206,Other
1781603,158595,Other
1787428,7387,Other
1812339,147307,Other
1816182,154885,Other
1820147,136899,Other
1824605,151499,Other
1834423,85912,Other
1849147,220729,Other
1852976,280348,Other
1856252,31499,Other
1870751,166791,Other
1878227,292153,Other
1898323,247513,Other
1899880,238240,Other
1918312,165692,Other
1939754,158089,Other
1946562,118604,Other
1949526,196638,Other
1976610,143399,Other
1988142,92396,Other
1996888,21574,Other
1998849,157523,Other
2003869,95047,Other
2010567,139411,Other
2010591,139411,Other
2015145,43862,Other
2015145,150113,Other
2036706,224293,Other
2042409,101300,Other
2075122,207256,Other
2127886,184259,Other
2130342,212245,Other
2146691,223438,Other
2147519,57144,Other
2161144,99240,Other
2161144,99241,Other
2165666,185400,Other
2183622,171761,Other
2185038,236779,Other
2192733,12945,Other
2192733,267791,Other
2207638,209884,Other
2207638,268197,Other
2232255,29481,Other
2242954,244827,Other
2244550,150200,Other
2244550,150201,Other
2246004,303652,Other
2257901,55402,Other
2278340,269545,Other
2281612,303590,Other
2292109,211002,Other
2293416,118604,Other
2307071,197327,Other
2316009,118604,Other
2359470,242209,Other
2359470,257600,Other
2359625,32371,Other
2360397,270453,Other
2364486,162415,Other
2364949,85889,Other
2410977,244218,Other
2416139,19702,Other
2418525,254988,Other
2424777,57348,Other
2433700,53599,Other
2435509,269400,Other
2440733,28822,Other
2441791,201462,Other
2443403,247289,Other
2454098,56545,Other
2459443,287198,Other
2462177,80609,Other
2462304,210963,Other
2462595,217521,Other
2469755,295005,Other
2480764,255127,Other
2481636,33849,Other
2485237,237428,Other
2487295,233572,Other
2493709,11566,Other
2494814,30642,Other
2503342,177716,Other
2504015,263139,Other
2521652,97642,Other
2522004,165692,Other
2533425,59933,Other
2544531,118604,Other
2570825,265215,Other
2572478,149311,Other
2577062,304827,Other
2590181,270707,Other
2591814,57348,Other
