userid,age,u_gender,occupation
1,1,F,2
51,1,F,2
75,1,F,2
86,1,F,2
99,1,F,2
119,1,F,2
194,1,F,2
210,1,F,2
468,1,F,2
470,1,F,2
484,1,F,2
606,1,F,2
629,1,F,2
634,1,F,2
888,1,F,2
1045,1,F,2
1088,1,F,2
1154,1,F,2
1195,1,F,2
1348,1,F,2
1365,1,F,2
1421,1,F,2
1434,1,F,2
1508,1,F,2
1563,1,F,2
1568,1,F,2
1929,1,F,2
2133,1,F,2
2137,1,F,2
2155,1,F,2
2162,1,F,2
2202,1,F,2
2285,1,F,2
2346,1,F,2
2418,1,F,2
2657,1,F,2
2810,1,F,2
2858,1,F,2
3382,1,F,2
3604,1,F,2
3667,1,F,2
3843,1,F,2
3865,1,F,2
4086,1,F,2
4158,1,F,2
4493,1,F,2
4549,1,F,2
4572,1,F,2
4575,1,F,2
4606,1,F,2
4690,1,F,2
4883,1,F,2
5063,1,F,2
5114,1,F,2
5247,1,F,2
5302,1,F,2
5459,1,F,2
5514,1,F,2
5524,1,F,2
5525,1,F,2
5756,1,F,2
5844,1,F,2
5989,1,F,2
743,1,F,3
4256,1,F,3
5768,1,F,4
1187,1,F,5
1926,1,F,5
2045,1,F,5
3087,1,F,5
3234,1,F,5
5296,1,F,5
5411,1,F,5
5420,1,F,5
5687,1,F,5
5751,1,F,5
5840,1,F,5
6006,1,F,5
775,1,M,1
1818,1,M,1
3190,1,M,1
19,1,M,2
153,1,M,2
349,1,M,2
490,1,M,2
580,1,M,2
745,1,M,2
753,1,M,2
762,1,M,2
866,1,M,2
871,1,M,2
875,1,M,2
884,1,M,2
906,1,M,2
926,1,M,2
940,1,M,2
960,1,M,2
979,1,M,2
1054,1,M,2
1096,1,M,2
1163,1,M,2
1182,1,M,2
1198,1,M,2
1220,1,M,2
1241,1,M,2
1263,1,M,2
1280,1,M,2
1300,1,M,2
1308,1,M,2
1327,1,M,2
1353,1,M,2
1366,1,M,2
1372,1,M,2
1380,1,M,2
1425,1,M,2
1478,1,M,2
1499,1,M,2
1673,1,M,2
1789,1,M,2
1857,1,M,2
1878,1,M,2
1910,1,M,2
1928,1,M,2
1935,1,M,2
1948,1,M,2
1978,1,M,2
1982,1,M,2
2003,1,M,2
2042,1,M,2
2047,1,M,2
2052,1,M,2
2079,1,M,2
2108,1,M,2
2166,1,M,2
2168,1,M,2
2189,1,M,2
2193,1,M,2
2195,1,M,2
2199,1,M,2
2217,1,M,2
2235,1,M,2
2236,1,M,2
2244,1,M,2
2245,1,M,2
2288,1,M,2
2467,1,M,2
2687,1,M,2
2806,1,M,2
3028,1,M,2
3046,1,M,2
3298,1,M,2
3460,1,M,2
3537,1,M,2
3573,1,M,2
3710,1,M,2
3904,1,M,2
4056,1,M,2
4087,1,M,2
4102,1,M,2
4135,1,M,2
4294,1,M,2
4478,1,M,2
4541,1,M,2
4764,1,M,2
4787,1,M,2
4830,1,M,2
4926,1,M,2
4965,1,M,2
4997,1,M,2
5118,1,M,2
5173,1,M,2
5176,1,M,2
5243,1,M,2
5255,1,M,2
5403,1,M,2
5414,1,M,2
5555,1,M,2
5558,1,M,2
5637,1,M,2
5642,1,M,2
5662,1,M,2
5716,1,M,2
5757,1,M,2
5803,1,M,2
5953,1,M,2
5973,1,M,2
4807,1,M,3
1468,1,M,4
4006,1,M,4
4431,1,M,4
719,1,M,5
737,1,M,5
829,1,M,5
997,1,M,5
1056,1,M,5
1084,1,M,5
1200,1,M,5
1296,1,M,5
1458,1,M,5
1509,1,M,5
1573,1,M,5
1815,1,M,5
1919,1,M,5
1955,1,M,5
2024,1,M,5
2060,1,M,5
2082,1,M,5
2120,1,M,5
2169,1,M,5
2176,1,M,5
2853,1,M,5
2910,1,M,5
3316,1,M,5
3594,1,M,5
3780,1,M,5
4413,1,M,5
4633,1,M,5
4707,1,M,5
5074,1,M,5
5228,1,M,5
5390,1,M,5
5777,1,M,5
18,18,F,1
101,18,F,1
176,18,F,1
400,18,F,1
528,18,F,1
1114,18,F,1
1596,18,F,1
1638,18,F,1
1645,18,F,1
1659,18,F,1
1678,18,F,1
2157,18,F,1
2630,18,F,1
2988,18,F,1
3351,18,F,1
3418,18,F,1
3448,18,F,1
3580,18,F,1
3831,18,F,1
4249,18,F,1
4338,18,F,1
4555,18,F,1
4620,18,F,1
5043,18,F,1
5320,18,F,1
5377,18,F,1
5455,18,F,1
5683,18,F,1
38,18,F,2
41,18,F,2
92,18,F,2
122,18,F,2
162,18,F,2
200,18,F,2
203,18,F,2
213,18,F,2
224,18,F,2
242,18,F,2
246,18,F,2
268,18,F,2
298,18,F,2
310,18,F,2
313,18,F,2
365,18,F,2
372,18,F,2
428,18,F,2
430,18,F,2
459,18,F,2
464,18,F,2
473,18,F,2
480,18,F,2
541,18,F,2
569,18,F,2
605,18,F,2
701,18,F,2
814,18,F,2
995,18,F,2
1068,18,F,2
1092,18,F,2
1125,18,F,2
1232,18,F,2
1314,18,F,2
1356,18,F,2
1460,18,F,2
1557,18,F,2
1561,18,F,2
1580,18,F,2
1581,18,F,2
1664,18,F,2
1688,18,F,2
1697,18,F,2
1705,18,F,2
1711,18,F,2
1730,18,F,2
1755,18,F,2
1808,18,F,2
1824,18,F,2
1832,18,F,2
1844,18,F,2
1858,18,F,2
1911,18,F,2
1944,18,F,2
1951,18,F,2
1957,18,F,2
2073,18,F,2
2138,18,F,2
2150,18,F,2
2257,18,F,2
2258,18,F,2
2299,18,F,2
2306,18,F,2
2325,18,F,2
2464,18,F,2
2495,18,F,2
2618,18,F,2
2679,18,F,2
2692,18,F,2
2734,18,F,2
2747,18,F,2
2763,18,F,2
2775,18,F,2
2782,18,F,2
2800,18,F,2
2846,18,F,2
2854,18,F,2
2873,18,F,2
2891,18,F,2
2912,18,F,2
2924,18,F,2
2936,18,F,2
2937,18,F,2
2944,18,F,2
2963,18,F,2
2973,18,F,2
2977,18,F,2
3004,18,F,2
3026,18,F,2
3065,18,F,2
3070,18,F,2
3196,18,F,2
3202,18,F,2
3219,18,F,2
3244,18,F,2
3259,18,F,2
3312,18,F,2
3322,18,F,2
3343,18,F,2
3349,18,F,2
3510,18,F,2
3525,18,F,2
3590,18,F,2
3750,18,F,2
3794,18,F,2
3795,18,F,2
3951,18,F,2
3971,18,F,2
3987,18,F,2
4173,18,F,2
4300,18,F,2
4371,18,F,2
4383,18,F,2
4387,18,F,2
4391,18,F,2
4398,18,F,2
4399,18,F,2
4400,18,F,2
4579,18,F,2
4596,18,F,2
4611,18,F,2
4612,18,F,2
4629,18,F,2
4660,18,F,2
4662,18,F,2
4675,18,F,2
4700,18,F,2
4745,18,F,2
4752,18,F,2
4799,18,F,2
4849,18,F,2
4918,18,F,2
4936,18,F,2
4938,18,F,2
4998,18,F,2
5007,18,F,2
5050,18,F,2
5081,18,F,2
5158,18,F,2
5160,18,F,2
5198,18,F,2
5282,18,F,2
5290,18,F,2
5305,18,F,2
5388,18,F,2
5400,18,F,2
5419,18,F,2
5444,18,F,2
5495,18,F,2
5530,18,F,2
5547,18,F,2
5548,18,F,2
5597,18,F,2
5618,18,F,2
5619,18,F,2
5632,18,F,2
5639,18,F,2
5644,18,F,2
5649,18,F,2
5688,18,F,2
5704,18,F,2
5705,18,F,2
5745,18,F,2
5830,18,F,2
5847,18,F,2
5906,18,F,2
5944,18,F,2
5956,18,F,2
5959,18,F,2
5985,18,F,2
5992,18,F,2
500,18,F,3
601,18,F,3
855,18,F,3
1146,18,F,3
1174,18,F,3
1265,18,F,3
1535,18,F,3
2106,18,F,3
2480,18,F,3
2926,18,F,3
3179,18,F,3
3269,18,F,3
3308,18,F,3
3417,18,F,3
3569,18,F,3
3967,18,F,3
4347,18,F,3
4590,18,F,3
4828,18,F,3
5042,18,F,3
5183,18,F,3
5357,18,F,3
5458,18,F,3
5605,18,F,3
5851,18,F,3
249,18,F,4
531,18,F,4
561,18,F,4
1196,18,F,4
1240,18,F,4
1257,18,F,4
1433,18,F,4
3174,18,F,4
3197,18,F,4
3502,18,F,4
3518,18,F,4
3907,18,F,4
4298,18,F,4
4402,18,F,4
4859,18,F,4
5506,18,F,4
5700,18,F,4
5931,18,F,4
34,18,F,5
305,18,F,5
378,18,F,5
619,18,F,5
666,18,F,5
695,18,F,5
746,18,F,5
842,18,F,5
845,18,F,5
967,18,F,5
1094,18,F,5
1254,18,F,5
1277,18,F,5
1283,18,F,5
1347,18,F,5
1401,18,F,5
1476,18,F,5
1555,18,F,5
1605,18,F,5
1731,18,F,5
1865,18,F,5
1962,18,F,5
2035,18,F,5
2099,18,F,5
2147,18,F,5
2148,18,F,5
2160,18,F,5
2188,18,F,5
2252,18,F,5
2396,18,F,5
2557,18,F,5
2684,18,F,5
2712,18,F,5
2885,18,F,5
2968,18,F,5
3034,18,F,5
3350,18,F,5
3486,18,F,5
3707,18,F,5
3752,18,F,5
3766,18,F,5
3788,18,F,5
4517,18,F,5
4699,18,F,5
4705,18,F,5
4754,18,F,5
5061,18,F,5
5246,18,F,5
5401,18,F,5
5569,18,F,5
5578,18,F,5
5754,18,F,5
5883,18,F,5
5898,18,F,5
5913,18,F,5
6031,18,F,5
126,18,M,1
143,18,M,1
181,18,M,1
186,18,M,1
248,18,M,1
355,18,M,1
370,18,M,1
395,18,M,1
407,18,M,1
419,18,M,1
578,18,M,1
738,18,M,1
778,18,M,1
990,18,M,1
1091,18,M,1
1097,18,M,1
1112,18,M,1
1399,18,M,1
1413,18,M,1
1542,18,M,1
1558,18,M,1
1570,18,M,1
1627,18,M,1
1684,18,M,1
1787,18,M,1
1795,18,M,1
1807,18,M,1
1833,18,M,1
1850,18,M,1
1949,18,M,1
2081,18,M,1
2097,18,M,1
2186,18,M,1
2576,18,M,1
2744,18,M,1
2919,18,M,1
3051,18,M,1
3104,18,M,1
3114,18,M,1
3439,18,M,1
3512,18,M,1
3540,18,M,1
3557,18,M,1
3558,18,M,1
3610,18,M,1
3657,18,M,1
3688,18,M,1
3715,18,M,1
3740,18,M,1
3850,18,M,1
3869,18,M,1
3909,18,M,1
3913,18,M,1
4041,18,M,1
4346,18,M,1
4368,18,M,1
4378,18,M,1
4514,18,M,1
4851,18,M,1
4922,18,M,1
5032,18,M,1
5141,18,M,1
5318,18,M,1
5319,18,M,1
5339,18,M,1
5348,18,M,1
5350,18,M,1
5417,18,M,1
5529,18,M,1
5565,18,M,1
5608,18,M,1
5706,18,M,1
5753,18,M,1
5780,18,M,1
5949,18,M,1
5964,18,M,1
22,18,M,2
25,18,M,2
39,18,M,2
47,18,M,2
49,18,M,2
52,18,M,2
63,18,M,2
68,18,M,2
70,18,M,2
73,18,M,2
77,18,M,2
84,18,M,2
85,18,M,2
113,18,M,2
131,18,M,2
135,18,M,2
145,18,M,2
147,18,M,2
152,18,M,2
163,18,M,2
166,18,M,2
182,18,M,2
191,18,M,2
199,18,M,2
202,18,M,2
217,18,M,2
229,18,M,2
271,18,M,2
273,18,M,2
274,18,M,2
301,18,M,2
302,18,M,2
311,18,M,2
321,18,M,2
342,18,M,2
351,18,M,2
352,18,M,2
363,18,M,2
371,18,M,2
403,18,M,2
404,18,M,2
409,18,M,2
423,18,M,2
426,18,M,2
431,18,M,2
436,18,M,2
438,18,M,2
453,18,M,2
457,18,M,2
483,18,M,2
489,18,M,2
491,18,M,2
495,18,M,2
496,18,M,2
510,18,M,2
542,18,M,2
555,18,M,2
572,18,M,2
582,18,M,2
608,18,M,2
621,18,M,2
626,18,M,2
640,18,M,2
662,18,M,2
671,18,M,2
686,18,M,2
694,18,M,2
698,18,M,2
714,18,M,2
716,18,M,2
736,18,M,2
747,18,M,2
763,18,M,2
770,18,M,2
772,18,M,2
774,18,M,2
781,18,M,2
787,18,M,2
803,18,M,2
807,18,M,2
813,18,M,2
817,18,M,2
818,18,M,2
828,18,M,2
851,18,M,2
890,18,M,2
894,18,M,2
896,18,M,2
920,18,M,2
936,18,M,2
961,18,M,2
1006,18,M,2
1018,18,M,2
1027,18,M,2
1060,18,M,2
1081,18,M,2
1086,18,M,2
1106,18,M,2
1109,18,M,2
1113,18,M,2
1120,18,M,2
1132,18,M,2
1137,18,M,2
1138,18,M,2
1152,18,M,2
1153,18,M,2
1201,18,M,2
1211,18,M,2
1234,18,M,2
1237,18,M,2
1246,18,M,2
1261,18,M,2
1278,18,M,2
1302,18,M,2
1311,18,M,2
1313,18,M,2
1381,18,M,2
1384,18,M,2
1393,18,M,2
1402,18,M,2
1409,18,M,2
1414,18,M,2
1418,18,M,2
1420,18,M,2
1430,18,M,2
1447,18,M,2
1450,18,M,2
1454,18,M,2
1466,18,M,2
1470,18,M,2
1483,18,M,2
1491,18,M,2
1498,18,M,2
1502,18,M,2
1514,18,M,2
1519,18,M,2
1524,18,M,2
1527,18,M,2
1529,18,M,2
1550,18,M,2
1556,18,M,2
1578,18,M,2
1622,18,M,2
1626,18,M,2
1629,18,M,2
1644,18,M,2
1655,18,M,2
1663,18,M,2
1676,18,M,2
1681,18,M,2
1702,18,M,2
1703,18,M,2
1718,18,M,2
1720,18,M,2
1724,18,M,2
1728,18,M,2
1732,18,M,2
1765,18,M,2
1773,18,M,2
1778,18,M,2
1783,18,M,2
1785,18,M,2
1791,18,M,2
1800,18,M,2
1802,18,M,2
1805,18,M,2
1806,18,M,2
1828,18,M,2
1830,18,M,2
1831,18,M,2
1839,18,M,2
1842,18,M,2
1847,18,M,2
1855,18,M,2
1863,18,M,2
1909,18,M,2
1917,18,M,2
1943,18,M,2
1975,18,M,2
1984,18,M,2
1992,18,M,2
2000,18,M,2
2005,18,M,2
2010,18,M,2
2014,18,M,2
2015,18,M,2
2023,18,M,2
2062,18,M,2
2074,18,M,2
2076,18,M,2
2078,18,M,2
2083,18,M,2
2084,18,M,2
2116,18,M,2
2127,18,M,2
2134,18,M,2
2143,18,M,2
2145,18,M,2
2152,18,M,2
2184,18,M,2
2191,18,M,2
2207,18,M,2
2212,18,M,2
2239,18,M,2
2242,18,M,2
2326,18,M,2
2327,18,M,2
2350,18,M,2
2403,18,M,2
2461,18,M,2
2486,18,M,2
2494,18,M,2
2522,18,M,2
2559,18,M,2
2590,18,M,2
2595,18,M,2
2620,18,M,2
2636,18,M,2
2644,18,M,2
2682,18,M,2
2691,18,M,2
2694,18,M,2
2714,18,M,2
2756,18,M,2
2777,18,M,2
2789,18,M,2
2792,18,M,2
2824,18,M,2
2828,18,M,2
2847,18,M,2
2879,18,M,2
2880,18,M,2
2886,18,M,2
2894,18,M,2
2898,18,M,2
2900,18,M,2
2931,18,M,2
2957,18,M,2
2960,18,M,2
2970,18,M,2
2974,18,M,2
2983,18,M,2
2985,18,M,2
2987,18,M,2
2992,18,M,2
3001,18,M,2
3003,18,M,2
3006,18,M,2
3008,18,M,2
3016,18,M,2
3027,18,M,2
3029,18,M,2
3031,18,M,2
3033,18,M,2
3054,18,M,2
3058,18,M,2
3062,18,M,2
3063,18,M,2
3066,18,M,2
3069,18,M,2
3077,18,M,2
3086,18,M,2
3101,18,M,2
3111,18,M,2
3112,18,M,2
3120,18,M,2
3133,18,M,2
3134,18,M,2
3145,18,M,2
3149,18,M,2
3152,18,M,2
3163,18,M,2
3164,18,M,2
3166,18,M,2
3172,18,M,2
3192,18,M,2
3195,18,M,2
3235,18,M,2
3236,18,M,2
3240,18,M,2
3270,18,M,2
3294,18,M,2
3297,18,M,2
3327,18,M,2
3370,18,M,2
3378,18,M,2
3386,18,M,2
3391,18,M,2
3411,18,M,2
3433,18,M,2
3434,18,M,2
3442,18,M,2
3459,18,M,2
3471,18,M,2
3479,18,M,2
3481,18,M,2
3484,18,M,2
3487,18,M,2
3489,18,M,2
3495,18,M,2
3503,18,M,2
3506,18,M,2
3508,18,M,2
3509,18,M,2
3514,18,M,2
3516,18,M,2
3517,18,M,2
3536,18,M,2
3559,18,M,2
3571,18,M,2
3605,18,M,2
3621,18,M,2
3625,18,M,2
3630,18,M,2
3631,18,M,2
3639,18,M,2
3648,18,M,2
3653,18,M,2
3659,18,M,2
3703,18,M,2
3716,18,M,2
3725,18,M,2
3728,18,M,2
3729,18,M,2
3733,18,M,2
3734,18,M,2
3748,18,M,2
3756,18,M,2
3777,18,M,2
3793,18,M,2
3801,18,M,2
3806,18,M,2
3830,18,M,2
3844,18,M,2
3861,18,M,2
3868,18,M,2
3871,18,M,2
3884,18,M,2
3887,18,M,2
3890,18,M,2
3922,18,M,2
3942,18,M,2
3954,18,M,2
3965,18,M,2
4012,18,M,2
4035,18,M,2
4047,18,M,2
4081,18,M,2
4101,18,M,2
4117,18,M,2
4144,18,M,2
4194,18,M,2
4198,18,M,2
4217,18,M,2
4315,18,M,2
4323,18,M,2
4352,18,M,2
4359,18,M,2
4366,18,M,2
4374,18,M,2
4392,18,M,2
4393,18,M,2
4397,18,M,2
4401,18,M,2
4407,18,M,2
4411,18,M,2
4412,18,M,2
4416,18,M,2
4423,18,M,2
4441,18,M,2
4465,18,M,2
4475,18,M,2
4489,18,M,2
4491,18,M,2
4495,18,M,2
4507,18,M,2
4516,18,M,2
4531,18,M,2
4534,18,M,2
4536,18,M,2
4547,18,M,2
4551,18,M,2
4567,18,M,2
4592,18,M,2
4631,18,M,2
4635,18,M,2
4648,18,M,2
4689,18,M,2
4696,18,M,2
4697,18,M,2
4747,18,M,2
4761,18,M,2
4791,18,M,2
4800,18,M,2
4810,18,M,2
4823,18,M,2
4871,18,M,2
4889,18,M,2
4910,18,M,2
4949,18,M,2
4967,18,M,2
4986,18,M,2
5011,18,M,2
5013,18,M,2
5064,18,M,2
5084,18,M,2
5094,18,M,2
5133,18,M,2
5143,18,M,2
5167,18,M,2
5170,18,M,2
5202,18,M,2
5219,18,M,2
5225,18,M,2
5227,18,M,2
5244,18,M,2
5254,18,M,2
5264,18,M,2
5280,18,M,2
5285,18,M,2
5316,18,M,2
5332,18,M,2
5360,18,M,2
5365,18,M,2
5366,18,M,2
5367,18,M,2
5373,18,M,2
5380,18,M,2
5382,18,M,2
5425,18,M,2
5436,18,M,2
5449,18,M,2
5450,18,M,2
5453,18,M,2
5457,18,M,2
5460,18,M,2
5492,18,M,2
5510,18,M,2
5515,18,M,2
5568,18,M,2
5598,18,M,2
5607,18,M,2
5628,18,M,2
5646,18,M,2
5664,18,M,2
5665,18,M,2
5670,18,M,2
5690,18,M,2
5709,18,M,2
5715,18,M,2
5723,18,M,2
5729,18,M,2
5746,18,M,2
5760,18,M,2
5774,18,M,2
5776,18,M,2
5784,18,M,2
5791,18,M,2
5811,18,M,2
5824,18,M,2
5826,18,M,2
5873,18,M,2
5877,18,M,2
5884,18,M,2
5891,18,M,2
5915,18,M,2
5936,18,M,2
5951,18,M,2
5998,18,M,2
6008,18,M,2
6027,18,M,2
6028,18,M,2
21,18,M,3
136,18,M,3
138,18,M,3
165,18,M,3
214,18,M,3
297,18,M,3
462,18,M,3
589,18,M,3
636,18,M,3
652,18,M,3
665,18,M,3
676,18,M,3
718,18,M,3
764,18,M,3
821,18,M,3
832,18,M,3
869,18,M,3
878,18,M,3
882,18,M,3
941,18,M,3
994,18,M,3
1020,18,M,3
1035,18,M,3
1133,18,M,3
1134,18,M,3
1226,18,M,3
1272,18,M,3
1318,18,M,3
1438,18,M,3
1442,18,M,3
1537,18,M,3
1562,18,M,3
1613,18,M,3
1628,18,M,3
1719,18,M,3
1735,18,M,3
1784,18,M,3
2146,18,M,3
2153,18,M,3
2172,18,M,3
2274,18,M,3
2821,18,M,3
2850,18,M,3
2882,18,M,3
2883,18,M,3
2908,18,M,3
2929,18,M,3
2954,18,M,3
2976,18,M,3
3043,18,M,3
3048,18,M,3
3128,18,M,3
3148,18,M,3
3206,18,M,3
3245,18,M,3
3333,18,M,3
3373,18,M,3
3398,18,M,3
3425,18,M,3
3834,18,M,3
3881,18,M,3
4103,18,M,3
4104,18,M,3
4337,18,M,3
4349,18,M,3
4350,18,M,3
4523,18,M,3
4548,18,M,3
4550,18,M,3
4636,18,M,3
4704,18,M,3
4736,18,M,3
4864,18,M,3
4887,18,M,3
4916,18,M,3
5184,18,M,3
5187,18,M,3
5212,18,M,3
5216,18,M,3
5283,18,M,3
5359,18,M,3
5666,18,M,3
5684,18,M,3
5725,18,M,3
5909,18,M,3
5957,18,M,3
197,18,M,4
257,18,M,4
392,18,M,4
761,18,M,4
881,18,M,4
1117,18,M,4
1130,18,M,4
1160,18,M,4
1329,18,M,4
1341,18,M,4
1426,18,M,4
1532,18,M,4
1647,18,M,4
1677,18,M,4
1733,18,M,4
1889,18,M,4
2114,18,M,4
2379,18,M,4
2404,18,M,4
2446,18,M,4
2896,18,M,4
2948,18,M,4
3185,18,M,4
3295,18,M,4
3296,18,M,4
3504,18,M,4
3857,18,M,4
3901,18,M,4
3996,18,M,4
4009,18,M,4
4051,18,M,4
4295,18,M,4
4446,18,M,4
4695,18,M,4
4733,18,M,4
4812,18,M,4
4814,18,M,4
4958,18,M,4
5137,18,M,4
5156,18,M,4
5471,18,M,4
5482,18,M,4
5489,18,M,4
5491,18,M,4
5546,18,M,4
5932,18,M,4
46,18,M,5
57,18,M,5
64,18,M,5
189,18,M,5
192,18,M,5
239,18,M,5
260,18,M,5
272,18,M,5
295,18,M,5
306,18,M,5
336,18,M,5
337,18,M,5
357,18,M,5
394,18,M,5
401,18,M,5
429,18,M,5
465,18,M,5
524,18,M,5
540,18,M,5
585,18,M,5
592,18,M,5
620,18,M,5
699,18,M,5
709,18,M,5
715,18,M,5
720,18,M,5
742,18,M,5
777,18,M,5
784,18,M,5
785,18,M,5
789,18,M,5
860,18,M,5
947,18,M,5
978,18,M,5
1047,18,M,5
1102,18,M,5
1142,18,M,5
1159,18,M,5
1186,18,M,5
1221,18,M,5
1495,18,M,5
1504,18,M,5
1517,18,M,5
1582,18,M,5
1649,18,M,5
1653,18,M,5
1710,18,M,5
1721,18,M,5
1725,18,M,5
1754,18,M,5
1764,18,M,5
1779,18,M,5
1841,18,M,5
1904,18,M,5
1933,18,M,5
2077,18,M,5
2085,18,M,5
2093,18,M,5
2144,18,M,5
2156,18,M,5
2163,18,M,5
2250,18,M,5
2270,18,M,5
2454,18,M,5
2530,18,M,5
2562,18,M,5
2591,18,M,5
2621,18,M,5
2771,18,M,5
2799,18,M,5
2837,18,M,5
2838,18,M,5
2859,18,M,5
2950,18,M,5
2993,18,M,5
2996,18,M,5
3199,18,M,5
3225,18,M,5
3387,18,M,5
3389,18,M,5
3454,18,M,5
3522,18,M,5
3579,18,M,5
3581,18,M,5
3584,18,M,5
3622,18,M,5
3690,18,M,5
3799,18,M,5
3800,18,M,5
3802,18,M,5
3825,18,M,5
3911,18,M,5
4008,18,M,5
4122,18,M,5
4304,18,M,5
4396,18,M,5
4410,18,M,5
4415,18,M,5
4427,18,M,5
4527,18,M,5
4535,18,M,5
4686,18,M,5
4693,18,M,5
4821,18,M,5
4919,18,M,5
4969,18,M,5
5030,18,M,5
5099,18,M,5
5147,18,M,5
5151,18,M,5
5213,18,M,5
5218,18,M,5
5269,18,M,5
5394,18,M,5
5397,18,M,5
5591,18,M,5
5638,18,M,5
5647,18,M,5
5652,18,M,5
5682,18,M,5
5702,18,M,5
5730,18,M,5
5750,18,M,5
5919,18,M,5
5935,18,M,5
37,25,F,1
340,25,F,1
418,25,F,1
497,25,F,1
556,25,F,1
603,25,F,1
668,25,F,1
726,25,F,1
751,25,F,1
752,25,F,1
776,25,F,1
799,25,F,1
840,25,F,1
982,25,F,1
991,25,F,1
1000,25,F,1
1073,25,F,1
1075,25,F,1
1076,25,F,1
1141,25,F,1
1177,25,F,1
1319,25,F,1
1344,25,F,1
1351,25,F,1
1368,25,F,1
1385,25,F,1
1394,25,F,1
1448,25,F,1
1485,25,F,1
1560,25,F,1
1572,25,F,1
1587,25,F,1
1669,25,F,1
1675,25,F,1
1691,25,F,1
1760,25,F,1
1801,25,F,1
1906,25,F,1
1964,25,F,1
1969,25,F,1
2027,25,F,1
2066,25,F,1
2096,25,F,1
2167,25,F,1
2296,25,F,1
2367,25,F,1
2390,25,F,1
2533,25,F,1
2552,25,F,1
2639,25,F,1
2723,25,F,1
2801,25,F,1
2865,25,F,1
3053,25,F,1
3055,25,F,1
3095,25,F,1
3097,25,F,1
3100,25,F,1
3150,25,F,1
3177,25,F,1
3212,25,F,1
3342,25,F,1
3385,25,F,1
3413,25,F,1
3560,25,F,1
3562,25,F,1
3583,25,F,1
3593,25,F,1
3609,25,F,1
3745,25,F,1
3790,25,F,1
3816,25,F,1
3972,25,F,1
3975,25,F,1
4085,25,F,1
4143,25,F,1
4199,25,F,1
4225,25,F,1
4236,25,F,1
4283,25,F,1
4288,25,F,1
4332,25,F,1
4340,25,F,1
4360,25,F,1
4375,25,F,1
4376,25,F,1
4483,25,F,1
4484,25,F,1
4554,25,F,1
4561,25,F,1
4563,25,F,1
4617,25,F,1
4646,25,F,1
4698,25,F,1
4740,25,F,1
4776,25,F,1
4793,25,F,1
4818,25,F,1
4863,25,F,1
4895,25,F,1
4928,25,F,1
5035,25,F,1
5087,25,F,1
5108,25,F,1
5251,25,F,1
5306,25,F,1
5329,25,F,1
5341,25,F,1
5343,25,F,1
5345,25,F,1
5346,25,F,1
5364,25,F,1
5368,25,F,1
5384,25,F,1
5416,25,F,1
5428,25,F,1
5483,25,F,1
5503,25,F,1
5512,25,F,1
5521,25,F,1
5561,25,F,1
5571,25,F,1
5641,25,F,1
5651,25,F,1
5655,25,F,1
5668,25,F,1
5845,25,F,1
5862,25,F,1
5866,25,F,1
5911,25,F,1
6005,25,F,1
6015,25,F,1
167,25,F,2
219,25,F,2
253,25,F,2
288,25,F,2
588,25,F,2
648,25,F,2
969,25,F,2
1184,25,F,2
1229,25,F,2
1396,25,F,2
1444,25,F,2
1516,25,F,2
1553,25,F,2
1701,25,F,2
1812,25,F,2
1859,25,F,2
2029,25,F,2
2075,25,F,2
2182,25,F,2
2190,25,F,2
2238,25,F,2
2301,25,F,2
2311,25,F,2
2431,25,F,2
2663,25,F,2
2668,25,F,2
2681,25,F,2
2711,25,F,2
2718,25,F,2
2750,25,F,2
2843,25,F,2
2881,25,F,2
2911,25,F,2
2925,25,F,2
2939,25,F,2
2966,25,F,2
3047,25,F,2
3057,25,F,2
3075,25,F,2
3088,25,F,2
3109,25,F,2
3136,25,F,2
3140,25,F,2
3153,25,F,2
3154,25,F,2
3159,25,F,2
3239,25,F,2
3249,25,F,2
3255,25,F,2
3266,25,F,2
3299,25,F,2
3451,25,F,2
3462,25,F,2
3505,25,F,2
3531,25,F,2
3539,25,F,2
3544,25,F,2
3606,25,F,2
3644,25,F,2
3677,25,F,2
3776,25,F,2
3946,25,F,2
4043,25,F,2
4123,25,F,2
4205,25,F,2
4458,25,F,2
4568,25,F,2
4588,25,F,2
4597,25,F,2
4609,25,F,2
4610,25,F,2
4630,25,F,2
4771,25,F,2
4874,25,F,2
4921,25,F,2
4970,25,F,2
4990,25,F,2
5031,25,F,2
5034,25,F,2
5152,25,F,2
5191,25,F,2
5241,25,F,2
5276,25,F,2
5328,25,F,2
5505,25,F,2
5572,25,F,2
5661,25,F,2
5672,25,F,2
5693,25,F,2
5694,25,F,2
5731,25,F,2
5732,25,F,2
5742,25,F,2
5744,25,F,2
5825,25,F,2
5829,25,F,2
5860,25,F,2
5871,25,F,2
6004,25,F,2
6009,25,F,2
6036,25,F,2
50,25,F,3
83,25,F,3
96,25,F,3
114,25,F,3
139,25,F,3
151,25,F,3
175,25,F,3
290,25,F,3
373,25,F,3
475,25,F,3
527,25,F,3
655,25,F,3
798,25,F,3
801,25,F,3
854,25,F,3
927,25,F,3
939,25,F,3
983,25,F,3
1150,25,F,3
1175,25,F,3
1239,25,F,3
1301,25,F,3
1345,25,F,3
1354,25,F,3
1475,25,F,3
1525,25,F,3
1660,25,F,3
1792,25,F,3
1938,25,F,3
1953,25,F,3
2041,25,F,3
2216,25,F,3
2260,25,F,3
2400,25,F,3
2628,25,F,3
2698,25,F,3
2751,25,F,3
2825,25,F,3
2863,25,F,3
3037,25,F,3
3131,25,F,3
3301,25,F,3
3785,25,F,3
3927,25,F,3
3970,25,F,3
4299,25,F,3
4716,25,F,3
4790,25,F,3
4803,25,F,3
4846,25,F,3
4992,25,F,3
5001,25,F,3
5257,25,F,3
5268,25,F,3
5539,25,F,3
5588,25,F,3
5972,25,F,3
5990,25,F,3
6013,25,F,3
24,25,F,4
263,25,F,4
361,25,F,4
383,25,F,4
517,25,F,4
559,25,F,4
617,25,F,4
663,25,F,4
687,25,F,4
766,25,F,4
847,25,F,4
1173,25,F,4
1235,25,F,4
1321,25,F,4
1383,25,F,4
1493,25,F,4
1521,25,F,4
1602,25,F,4
1683,25,F,4
1809,25,F,4
1922,25,F,4
1971,25,F,4
2036,25,F,4
2040,25,F,4
2205,25,F,4
2226,25,F,4
2383,25,F,4
2427,25,F,4
2475,25,F,4
2506,25,F,4
2797,25,F,4
2851,25,F,4
2871,25,F,4
3023,25,F,4
3035,25,F,4
3122,25,F,4
3144,25,F,4
3184,25,F,4
3224,25,F,4
3227,25,F,4
3248,25,F,4
3291,25,F,4
3331,25,F,4
3406,25,F,4
3420,25,F,4
3429,25,F,4
3441,25,F,4
3464,25,F,4
3519,25,F,4
3642,25,F,4
3655,25,F,4
3658,25,F,4
3713,25,F,4
3832,25,F,4
3838,25,F,4
3900,25,F,4
3988,25,F,4
4027,25,F,4
4162,25,F,4
4165,25,F,4
4166,25,F,4
4181,25,F,4
4313,25,F,4
4329,25,F,4
4345,25,F,4
4452,25,F,4
4540,25,F,4
4576,25,F,4
4652,25,F,4
4659,25,F,4
4692,25,F,4
4762,25,F,4
4785,25,F,4
4952,25,F,4
5027,25,F,4
5071,25,F,4
5262,25,F,4
5278,25,F,4
5279,25,F,4
5333,25,F,4
5415,25,F,4
5434,25,F,4
5480,25,F,4
5563,25,F,4
5606,25,F,4
5681,25,F,4
5692,25,F,4
5696,25,F,4
5734,25,F,4
5785,25,F,4
5796,25,F,4
5808,25,F,4
5812,25,F,4
5850,25,F,4
5856,25,F,4
5863,25,F,4
5869,25,F,4
5955,25,F,4
5997,25,F,4
6001,25,F,4
11,25,F,5
28,25,F,5
32,25,F,5
69,25,F,5
81,25,F,5
133,25,F,5
184,25,F,5
221,25,F,5
262,25,F,5
289,25,F,5
346,25,F,5
388,25,F,5
410,25,F,5
417,25,F,5
499,25,F,5
507,25,F,5
546,25,F,5
583,25,F,5
584,25,F,5
596,25,F,5
658,25,F,5
659,25,F,5
692,25,F,5
822,25,F,5
864,25,F,5
870,25,F,5
899,25,F,5
916,25,F,5
938,25,F,5
954,25,F,5
962,25,F,5
973,25,F,5
1051,25,F,5
1059,25,F,5
1065,25,F,5
1115,25,F,5
1164,25,F,5
1168,25,F,5
1172,25,F,5
1194,25,F,5
1203,25,F,5
1236,25,F,5
1326,25,F,5
1361,25,F,5
1373,25,F,5
1386,25,F,5
1403,25,F,5
1419,25,F,5
1459,25,F,5
1510,25,F,5
1603,25,F,5
1636,25,F,5
1699,25,F,5
1756,25,F,5
1758,25,F,5
1822,25,F,5
1827,25,F,5
1958,25,F,5
1988,25,F,5
2100,25,F,5
2179,25,F,5
2192,25,F,5
2197,25,F,5
2213,25,F,5
2214,25,F,5
2215,25,F,5
2314,25,F,5
2351,25,F,5
2386,25,F,5
2479,25,F,5
2582,25,F,5
2608,25,F,5
2706,25,F,5
2709,25,F,5
2938,25,F,5
2947,25,F,5
2998,25,F,5
3067,25,F,5
3079,25,F,5
3091,25,F,5
3127,25,F,5
3151,25,F,5
3200,25,F,5
3213,25,F,5
3264,25,F,5
3358,25,F,5
3360,25,F,5
3362,25,F,5
3388,25,F,5
3437,25,F,5
3438,25,F,5
3455,25,F,5
3524,25,F,5
3649,25,F,5
3680,25,F,5
3749,25,F,5
3782,25,F,5
3784,25,F,5
3786,25,F,5
3787,25,F,5
3789,25,F,5
3829,25,F,5
3840,25,F,5
3976,25,F,5
4001,25,F,5
4092,25,F,5
4107,25,F,5
4201,25,F,5
4214,25,F,5
4336,25,F,5
4380,25,F,5
4430,25,F,5
4462,25,F,5
4504,25,F,5
4582,25,F,5
4608,25,F,5
4619,25,F,5
4655,25,F,5
4684,25,F,5
4750,25,F,5
4831,25,F,5
4845,25,F,5
4890,25,F,5
4911,25,F,5
4913,25,F,5
4914,25,F,5
4934,25,F,5
5066,25,F,5
5117,25,F,5
5119,25,F,5
5131,25,F,5
5199,25,F,5
5234,25,F,5
5240,25,F,5
5271,25,F,5
5314,25,F,5
5317,25,F,5
5330,25,F,5
5387,25,F,5
5402,25,F,5
5418,25,F,5
5429,25,F,5
5451,25,F,5
5465,25,F,5
5499,25,F,5
5589,25,F,5
5610,25,F,5
5612,25,F,5
5759,25,F,5
5763,25,F,5
5802,25,F,5
5805,25,F,5
5832,25,F,5
5852,25,F,5
5878,25,F,5
5920,25,F,5
5925,25,F,5
5941,25,F,5
5974,25,F,5
5976,25,F,5
5996,25,F,5
5999,25,F,5
6025,25,F,5
6029,25,F,5
6035,25,F,5
9,25,M,1
36,25,M,1
42,25,M,1
61,25,M,1
82,25,M,1
93,25,M,1
94,25,M,1
115,25,M,1
116,25,M,1
117,25,M,1
132,25,M,1
144,25,M,1
172,25,M,1
190,25,M,1
206,25,M,1
223,25,M,1
231,25,M,1
236,25,M,1
237,25,M,1
247,25,M,1
282,25,M,1
359,25,M,1
377,25,M,1
385,25,M,1
389,25,M,1
398,25,M,1
424,25,M,1
443,25,M,1
448,25,M,1
466,25,M,1
474,25,M,1
543,25,M,1
549,25,M,1
566,25,M,1
579,25,M,1
623,25,M,1
633,25,M,1
638,25,M,1
650,25,M,1
669,25,M,1
674,25,M,1
728,25,M,1
741,25,M,1
744,25,M,1
765,25,M,1
773,25,M,1
780,25,M,1
790,25,M,1
792,25,M,1
809,25,M,1
812,25,M,1
846,25,M,1
849,25,M,1
852,25,M,1
853,25,M,1
897,25,M,1
921,25,M,1
930,25,M,1
980,25,M,1
996,25,M,1
1004,25,M,1
1011,25,M,1
1022,25,M,1
1033,25,M,1
1077,25,M,1
1099,25,M,1
1210,25,M,1
1245,25,M,1
1255,25,M,1
1260,25,M,1
1270,25,M,1
1293,25,M,1
1306,25,M,1
1333,25,M,1
1369,25,M,1
1389,25,M,1
1412,25,M,1
1467,25,M,1
1471,25,M,1
1494,25,M,1
1496,25,M,1
1500,25,M,1
1520,25,M,1
1523,25,M,1
1538,25,M,1
1539,25,M,1
1574,25,M,1
1612,25,M,1
1639,25,M,1
1656,25,M,1
1672,25,M,1
1687,25,M,1
1714,25,M,1
1752,25,M,1
1769,25,M,1
1771,25,M,1
1774,25,M,1
1913,25,M,1
1934,25,M,1
1987,25,M,1
2008,25,M,1
2017,25,M,1
2065,25,M,1
2113,25,M,1
2129,25,M,1
2194,25,M,1
2219,25,M,1
2225,25,M,1
2249,25,M,1
2261,25,M,1
2263,25,M,1
2273,25,M,1
2307,25,M,1
2349,25,M,1
2378,25,M,1
2387,25,M,1
2424,25,M,1
2456,25,M,1
2509,25,M,1
2523,25,M,1
2568,25,M,1
2598,25,M,1
2603,25,M,1
2611,25,M,1
2641,25,M,1
2648,25,M,1
2662,25,M,1
2678,25,M,1
2688,25,M,1
2737,25,M,1
2742,25,M,1
2768,25,M,1
2780,25,M,1
2812,25,M,1
2827,25,M,1
2832,25,M,1
2839,25,M,1
2876,25,M,1
2887,25,M,1
2897,25,M,1
2901,25,M,1
2922,25,M,1
2949,25,M,1
2964,25,M,1
3005,25,M,1
3022,25,M,1
3040,25,M,1
3099,25,M,1
3107,25,M,1
3160,25,M,1
3176,25,M,1
3277,25,M,1
3281,25,M,1
3284,25,M,1
3302,25,M,1
3309,25,M,1
3339,25,M,1
3377,25,M,1
3397,25,M,1
3404,25,M,1
3408,25,M,1
3414,25,M,1
3422,25,M,1
3424,25,M,1
3450,25,M,1
3456,25,M,1
3472,25,M,1
3493,25,M,1
3498,25,M,1
3499,25,M,1
3541,25,M,1
3543,25,M,1
3550,25,M,1
3556,25,M,1
3597,25,M,1
3615,25,M,1
3626,25,M,1
3637,25,M,1
3643,25,M,1
3654,25,M,1
3684,25,M,1
3685,25,M,1
3712,25,M,1
3714,25,M,1
3726,25,M,1
3731,25,M,1
3732,25,M,1
3746,25,M,1
3761,25,M,1
3792,25,M,1
3804,25,M,1
3815,25,M,1
3820,25,M,1
3824,25,M,1
3837,25,M,1
3855,25,M,1
3862,25,M,1
3870,25,M,1
3879,25,M,1
3893,25,M,1
3899,25,M,1
3902,25,M,1
3905,25,M,1
3929,25,M,1
3931,25,M,1
4011,25,M,1
4020,25,M,1
4024,25,M,1
4033,25,M,1
4058,25,M,1
4071,25,M,1
4073,25,M,1
4076,25,M,1
4088,25,M,1
4091,25,M,1
4094,25,M,1
4118,25,M,1
4126,25,M,1
4132,25,M,1
4210,25,M,1
4216,25,M,1
4254,25,M,1
4258,25,M,1
4290,25,M,1
4314,25,M,1
4316,25,M,1
4318,25,M,1
4320,25,M,1
4324,25,M,1
4362,25,M,1
4386,25,M,1
4422,25,M,1
4429,25,M,1
4445,25,M,1
4471,25,M,1
4499,25,M,1
4501,25,M,1
4589,25,M,1
4615,25,M,1
4656,25,M,1
4688,25,M,1
4711,25,M,1
4713,25,M,1
4731,25,M,1
4739,25,M,1
4742,25,M,1
4775,25,M,1
4806,25,M,1
4825,25,M,1
4837,25,M,1
4879,25,M,1
4893,25,M,1
4959,25,M,1
4962,25,M,1
4988,25,M,1
5002,25,M,1
5026,25,M,1
5076,25,M,1
5088,25,M,1
5091,25,M,1
5134,25,M,1
5138,25,M,1
5140,25,M,1
5150,25,M,1
5162,25,M,1
5217,25,M,1
5233,25,M,1
5259,25,M,1
5275,25,M,1
5287,25,M,1
5301,25,M,1
5307,25,M,1
5338,25,M,1
5347,25,M,1
5353,25,M,1
5376,25,M,1
5396,25,M,1
5462,25,M,1
5487,25,M,1
5532,25,M,1
5543,25,M,1
5587,25,M,1
5648,25,M,1
5685,25,M,1
5735,25,M,1
5773,25,M,1
5779,25,M,1
5786,25,M,1
5789,25,M,1
5792,25,M,1
5799,25,M,1
5817,25,M,1
5828,25,M,1
5865,25,M,1
5872,25,M,1
5921,25,M,1
5965,25,M,1
5983,25,M,1
6022,25,M,1
6030,25,M,1
6040,25,M,1
3,25,M,2
8,25,M,2
12,25,M,2
27,25,M,2
43,25,M,2
48,25,M,2
104,25,M,2
108,25,M,2
120,25,M,2
129,25,M,2
170,25,M,2
195,25,M,2
198,25,M,2
207,25,M,2
220,25,M,2
228,25,M,2
252,25,M,2
284,25,M,2
299,25,M,2
309,25,M,2
345,25,M,2
384,25,M,2
390,25,M,2
402,25,M,2
408,25,M,2
413,25,M,2
425,25,M,2
479,25,M,2
488,25,M,2
492,25,M,2
508,25,M,2
522,25,M,2
533,25,M,2
534,25,M,2
554,25,M,2
563,25,M,2
570,25,M,2
575,25,M,2
610,25,M,2
649,25,M,2
670,25,M,2
680,25,M,2
682,25,M,2
683,25,M,2
684,25,M,2
685,25,M,2
690,25,M,2
696,25,M,2
705,25,M,2
717,25,M,2
722,25,M,2
723,25,M,2
757,25,M,2
767,25,M,2
768,25,M,2
783,25,M,2
810,25,M,2
815,25,M,2
836,25,M,2
848,25,M,2
859,25,M,2
876,25,M,2
929,25,M,2
937,25,M,2
971,25,M,2
985,25,M,2
999,25,M,2
1001,25,M,2
1040,25,M,2
1116,25,M,2
1149,25,M,2
1151,25,M,2
1155,25,M,2
1165,25,M,2
1193,25,M,2
1217,25,M,2
1230,25,M,2
1231,25,M,2
1244,25,M,2
1262,25,M,2
1266,25,M,2
1267,25,M,2
1320,25,M,2
1367,25,M,2
1406,25,M,2
1423,25,M,2
1427,25,M,2
1474,25,M,2
1484,25,M,2
1492,25,M,2
1501,25,M,2
1503,25,M,2
1528,25,M,2
1530,25,M,2
1543,25,M,2
1544,25,M,2
1546,25,M,2
1551,25,M,2
1567,25,M,2
1588,25,M,2
1597,25,M,2
1601,25,M,2
1604,25,M,2
1608,25,M,2
1610,25,M,2
1617,25,M,2
1621,25,M,2
1651,25,M,2
1662,25,M,2
1679,25,M,2
1693,25,M,2
1694,25,M,2
1704,25,M,2
1742,25,M,2
1746,25,M,2
1757,25,M,2
1775,25,M,2
1793,25,M,2
1794,25,M,2
1840,25,M,2
1843,25,M,2
1852,25,M,2
1876,25,M,2
1879,25,M,2
1886,25,M,2
1898,25,M,2
1912,25,M,2
1930,25,M,2
1937,25,M,2
1940,25,M,2
1950,25,M,2
1968,25,M,2
2012,25,M,2
2030,25,M,2
2054,25,M,2
2056,25,M,2
2063,25,M,2
2080,25,M,2
2102,25,M,2
2154,25,M,2
2158,25,M,2
2175,25,M,2
2180,25,M,2
2196,25,M,2
2224,25,M,2
2228,25,M,2
2344,25,M,2
2380,25,M,2
2401,25,M,2
2430,25,M,2
2432,25,M,2
2433,25,M,2
2434,25,M,2
2435,25,M,2
2437,25,M,2
2466,25,M,2
2469,25,M,2
2473,25,M,2
2474,25,M,2
2490,25,M,2
2501,25,M,2
2507,25,M,2
2551,25,M,2
2556,25,M,2
2561,25,M,2
2581,25,M,2
2599,25,M,2
2629,25,M,2
2674,25,M,2
2680,25,M,2
2689,25,M,2
2717,25,M,2
2719,25,M,2
2727,25,M,2
2748,25,M,2
2749,25,M,2
2752,25,M,2
2786,25,M,2
2787,25,M,2
2818,25,M,2
2823,25,M,2
2833,25,M,2
2836,25,M,2
2845,25,M,2
2852,25,M,2
2855,25,M,2
2861,25,M,2
2892,25,M,2
2895,25,M,2
2902,25,M,2
2904,25,M,2
2914,25,M,2
2918,25,M,2
2927,25,M,2
2932,25,M,2
2952,25,M,2
2956,25,M,2
2971,25,M,2
2972,25,M,2
2982,25,M,2
2984,25,M,2
2986,25,M,2
2995,25,M,2
3000,25,M,2
3010,25,M,2
3012,25,M,2
3041,25,M,2
3085,25,M,2
3098,25,M,2
3102,25,M,2
3113,25,M,2
3116,25,M,2
3124,25,M,2
3135,25,M,2
3137,25,M,2
3157,25,M,2
3158,25,M,2
3173,25,M,2
3181,25,M,2
3182,25,M,2
3191,25,M,2
3194,25,M,2
3198,25,M,2
3243,25,M,2
3250,25,M,2
3256,25,M,2
3260,25,M,2
3265,25,M,2
3267,25,M,2
3268,25,M,2
3285,25,M,2
3311,25,M,2
3315,25,M,2
3317,25,M,2
3337,25,M,2
3361,25,M,2
3375,25,M,2
3396,25,M,2
3399,25,M,2
3409,25,M,2
3416,25,M,2
3432,25,M,2
3447,25,M,2
3463,25,M,2
3542,25,M,2
3554,25,M,2
3564,25,M,2
3602,25,M,2
3624,25,M,2
3652,25,M,2
3671,25,M,2
3679,25,M,2
3693,25,M,2
3694,25,M,2
3697,25,M,2
3706,25,M,2
3709,25,M,2
3721,25,M,2
3768,25,M,2
3769,25,M,2
3811,25,M,2
3814,25,M,2
3819,25,M,2
3845,25,M,2
3848,25,M,2
3851,25,M,2
3885,25,M,2
3912,25,M,2
3916,25,M,2
3925,25,M,2
3950,25,M,2
3953,25,M,2
3980,25,M,2
3992,25,M,2
4028,25,M,2
4032,25,M,2
4070,25,M,2
4078,25,M,2
4093,25,M,2
4096,25,M,2
4111,25,M,2
4115,25,M,2
4247,25,M,2
4248,25,M,2
4265,25,M,2
4310,25,M,2
4343,25,M,2
4351,25,M,2
4379,25,M,2
4381,25,M,2
4385,25,M,2
4389,25,M,2
4394,25,M,2
4403,25,M,2
4414,25,M,2
4417,25,M,2
4420,25,M,2
4432,25,M,2
4436,25,M,2
4449,25,M,2
4450,25,M,2
4485,25,M,2
4520,25,M,2
4533,25,M,2
4538,25,M,2
4574,25,M,2
4586,25,M,2
4591,25,M,2
4604,25,M,2
4605,25,M,2
4613,25,M,2
4621,25,M,2
4622,25,M,2
4624,25,M,2
4638,25,M,2
4640,25,M,2
4658,25,M,2
4663,25,M,2
4671,25,M,2
4702,25,M,2
4768,25,M,2
4780,25,M,2
4801,25,M,2
4841,25,M,2
4847,25,M,2
4855,25,M,2
4861,25,M,2
4877,25,M,2
4892,25,M,2
4899,25,M,2
4915,25,M,2
4933,25,M,2
4976,25,M,2
4977,25,M,2
4982,25,M,2
5000,25,M,2
5028,25,M,2
5029,25,M,2
5049,25,M,2
5053,25,M,2
5079,25,M,2
5083,25,M,2
5096,25,M,2
5102,25,M,2
5126,25,M,2
5136,25,M,2
5161,25,M,2
5179,25,M,2
5208,25,M,2
5222,25,M,2
5230,25,M,2
5232,25,M,2
5235,25,M,2
5270,25,M,2
5293,25,M,2
5297,25,M,2
5315,25,M,2
5321,25,M,2
5369,25,M,2
5370,25,M,2
5371,25,M,2
5372,25,M,2
5385,25,M,2
5412,25,M,2
5437,25,M,2
5443,25,M,2
5466,25,M,2
5468,25,M,2
5474,25,M,2
5475,25,M,2
5485,25,M,2
5488,25,M,2
5497,25,M,2
5535,25,M,2
5544,25,M,2
5576,25,M,2
5585,25,M,2
5623,25,M,2
5654,25,M,2
5656,25,M,2
5707,25,M,2
5710,25,M,2
5724,25,M,2
5727,25,M,2
5733,25,M,2
5738,25,M,2
5765,25,M,2
5775,25,M,2
5818,25,M,2
5821,25,M,2
5823,25,M,2
5842,25,M,2
5858,25,M,2
5874,25,M,2
5875,25,M,2
5903,25,M,2
5908,25,M,2
5918,25,M,2
5937,25,M,2
5950,25,M,2
5963,25,M,2
5988,25,M,2
6021,25,M,2
6024,25,M,2
5,25,M,3
58,25,M,3
110,25,M,3
112,25,M,3
174,25,M,3
212,25,M,3
232,25,M,3
243,25,M,3
261,25,M,3
269,25,M,3
308,25,M,3
375,25,M,3
380,25,M,3
406,25,M,3
454,25,M,3
501,25,M,3
504,25,M,3
506,25,M,3
509,25,M,3
514,25,M,3
530,25,M,3
536,25,M,3
539,25,M,3
553,25,M,3
565,25,M,3
587,25,M,3
643,25,M,3
644,25,M,3
673,25,M,3
675,25,M,3
710,25,M,3
802,25,M,3
804,25,M,3
977,25,M,3
981,25,M,3
1003,25,M,3
1025,25,M,3
1044,25,M,3
1069,25,M,3
1087,25,M,3
1124,25,M,3
1147,25,M,3
1169,25,M,3
1216,25,M,3
1223,25,M,3
1256,25,M,3
1360,25,M,3
1395,25,M,3
1445,25,M,3
1456,25,M,3
1480,25,M,3
1486,25,M,3
1512,25,M,3
1515,25,M,3
1518,25,M,3
1545,25,M,3
1571,25,M,3
1593,25,M,3
1620,25,M,3
1632,25,M,3
1646,25,M,3
1652,25,M,3
1680,25,M,3
1682,25,M,3
1700,25,M,3
1706,25,M,3
1715,25,M,3
1726,25,M,3
1749,25,M,3
1759,25,M,3
1767,25,M,3
1777,25,M,3
1803,25,M,3
1820,25,M,3
1821,25,M,3
1829,25,M,3
1837,25,M,3
1845,25,M,3
1892,25,M,3
1931,25,M,3
1945,25,M,3
1954,25,M,3
1966,25,M,3
1991,25,M,3
2101,25,M,3
2109,25,M,3
2223,25,M,3
2284,25,M,3
2389,25,M,3
2429,25,M,3
2586,25,M,3
2649,25,M,3
2757,25,M,3
2790,25,M,3
2794,25,M,3
2813,25,M,3
2844,25,M,3
2872,25,M,3
2875,25,M,3
2903,25,M,3
2920,25,M,3
2928,25,M,3
2953,25,M,3
3080,25,M,3
3084,25,M,3
3090,25,M,3
3103,25,M,3
3121,25,M,3
3123,25,M,3
3126,25,M,3
3142,25,M,3
3167,25,M,3
3189,25,M,3
3223,25,M,3
3274,25,M,3
3276,25,M,3
3341,25,M,3
3359,25,M,3
3371,25,M,3
3426,25,M,3
3457,25,M,3
3468,25,M,3
3491,25,M,3
3513,25,M,3
3533,25,M,3
3546,25,M,3
3563,25,M,3
3588,25,M,3
3599,25,M,3
3611,25,M,3
3638,25,M,3
3673,25,M,3
3674,25,M,3
3683,25,M,3
3695,25,M,3
3763,25,M,3
3821,25,M,3
3828,25,M,3
3892,25,M,3
3910,25,M,3
3926,25,M,3
3938,25,M,3
3968,25,M,3
3990,25,M,3
4039,25,M,3
4040,25,M,3
4052,25,M,3
4075,25,M,3
4082,25,M,3
4106,25,M,3
4120,25,M,3
4167,25,M,3
4260,25,M,3
4279,25,M,3
4303,25,M,3
4339,25,M,3
4370,25,M,3
4406,25,M,3
4454,25,M,3
4461,25,M,3
4508,25,M,3
4524,25,M,3
4526,25,M,3
4543,25,M,3
4545,25,M,3
4616,25,M,3
4623,25,M,3
4715,25,M,3
4720,25,M,3
4777,25,M,3
4835,25,M,3
4860,25,M,3
4867,25,M,3
4900,25,M,3
4950,25,M,3
4957,25,M,3
5008,25,M,3
5025,25,M,3
5038,25,M,3
5046,25,M,3
5070,25,M,3
5077,25,M,3
5148,25,M,3
5154,25,M,3
5155,25,M,3
5252,25,M,3
5256,25,M,3
5277,25,M,3
5281,25,M,3
5284,25,M,3
5294,25,M,3
5299,25,M,3
5300,25,M,3
5323,25,M,3
5326,25,M,3
5408,25,M,3
5501,25,M,3
5502,25,M,3
5508,25,M,3
5536,25,M,3
5595,25,M,3
5645,25,M,3
5660,25,M,3
5676,25,M,3
5722,25,M,3
5749,25,M,3
5761,25,M,3
5767,25,M,3
5781,25,M,3
5787,25,M,3
5793,25,M,3
5801,25,M,3
5815,25,M,3
5827,25,M,3
5886,25,M,3
5888,25,M,3
5897,25,M,3
5907,25,M,3
5933,25,M,3
5987,25,M,3
15,25,M,4
20,25,M,4
26,25,M,4
66,25,M,4
71,25,M,4
87,25,M,4
142,25,M,4
169,25,M,4
204,25,M,4
225,25,M,4
258,25,M,4
279,25,M,4
300,25,M,4
303,25,M,4
331,25,M,4
435,25,M,4
449,25,M,4
463,25,M,4
482,25,M,4
532,25,M,4
595,25,M,4
609,25,M,4
616,25,M,4
667,25,M,4
711,25,M,4
732,25,M,4
734,25,M,4
735,25,M,4
740,25,M,4
808,25,M,4
843,25,M,4
861,25,M,4
863,25,M,4
898,25,M,4
915,25,M,4
923,25,M,4
964,25,M,4
1030,25,M,4
1064,25,M,4
1079,25,M,4
1085,25,M,4
1090,25,M,4
1144,25,M,4
1204,25,M,4
1219,25,M,4
1251,25,M,4
1292,25,M,4
1297,25,M,4
1299,25,M,4
1304,25,M,4
1309,25,M,4
1312,25,M,4
1332,25,M,4
1340,25,M,4
1400,25,M,4
1416,25,M,4
1435,25,M,4
1453,25,M,4
1472,25,M,4
1473,25,M,4
1482,25,M,4
1488,25,M,4
1506,25,M,4
1666,25,M,4
1729,25,M,4
1762,25,M,4
1804,25,M,4
1825,25,M,4
1866,25,M,4
1932,25,M,4
1946,25,M,4
1947,25,M,4
1983,25,M,4
1990,25,M,4
2020,25,M,4
2022,25,M,4
2043,25,M,4
2118,25,M,4
2165,25,M,4
2232,25,M,4
2321,25,M,4
2362,25,M,4
2374,25,M,4
2415,25,M,4
2436,25,M,4
2447,25,M,4
2453,25,M,4
2458,25,M,4
2463,25,M,4
2472,25,M,4
2504,25,M,4
2505,25,M,4
2510,25,M,4
2511,25,M,4
2518,25,M,4
2553,25,M,4
2577,25,M,4
2600,25,M,4
2614,25,M,4
2615,25,M,4
2638,25,M,4
2645,25,M,4
2653,25,M,4
2658,25,M,4
2690,25,M,4
2696,25,M,4
2700,25,M,4
2708,25,M,4
2713,25,M,4
2735,25,M,4
2741,25,M,4
2743,25,M,4
2759,25,M,4
2764,25,M,4
2769,25,M,4
2776,25,M,4
2796,25,M,4
2803,25,M,4
2809,25,M,4
2816,25,M,4
2866,25,M,4
2888,25,M,4
2909,25,M,4
2915,25,M,4
2958,25,M,4
2969,25,M,4
2999,25,M,4
3056,25,M,4
3081,25,M,4
3125,25,M,4
3129,25,M,4
3130,25,M,4
3141,25,M,4
3147,25,M,4
3155,25,M,4
3161,25,M,4
3180,25,M,4
3208,25,M,4
3228,25,M,4
3231,25,M,4
3257,25,M,4
3262,25,M,4
3280,25,M,4
3288,25,M,4
3290,25,M,4
3314,25,M,4
3332,25,M,4
3345,25,M,4
3354,25,M,4
3357,25,M,4
3368,25,M,4
3395,25,M,4
3400,25,M,4
3412,25,M,4
3423,25,M,4
3427,25,M,4
3446,25,M,4
3449,25,M,4
3452,25,M,4
3465,25,M,4
3466,25,M,4
3467,25,M,4
3475,25,M,4
3478,25,M,4
3565,25,M,4
3567,25,M,4
3575,25,M,4
3612,25,M,4
3620,25,M,4
3628,25,M,4
3647,25,M,4
3651,25,M,4
3669,25,M,4
3681,25,M,4
3686,25,M,4
3691,25,M,4
3698,25,M,4
3700,25,M,4
3722,25,M,4
3723,25,M,4
3737,25,M,4
3753,25,M,4
3757,25,M,4
3783,25,M,4
3797,25,M,4
3798,25,M,4
3808,25,M,4
3835,25,M,4
3847,25,M,4
3853,25,M,4
3854,25,M,4
3874,25,M,4
3880,25,M,4
3918,25,M,4
3921,25,M,4
3932,25,M,4
3973,25,M,4
3984,25,M,4
3986,25,M,4
3991,25,M,4
4010,25,M,4
4017,25,M,4
4026,25,M,4
4053,25,M,4
4059,25,M,4
4060,25,M,4
4062,25,M,4
4089,25,M,4
4097,25,M,4
4124,25,M,4
4137,25,M,4
4138,25,M,4
4152,25,M,4
4182,25,M,4
4185,25,M,4
4186,25,M,4
4202,25,M,4
4203,25,M,4
4215,25,M,4
4237,25,M,4
4263,25,M,4
4287,25,M,4
4312,25,M,4
4353,25,M,4
4364,25,M,4
4382,25,M,4
4405,25,M,4
4409,25,M,4
4424,25,M,4
4428,25,M,4
4435,25,M,4
4448,25,M,4
4451,25,M,4
4460,25,M,4
4477,25,M,4
4481,25,M,4
4487,25,M,4
4509,25,M,4
4525,25,M,4
4528,25,M,4
4532,25,M,4
4546,25,M,4
4557,25,M,4
4559,25,M,4
4595,25,M,4
4618,25,M,4
4625,25,M,4
4626,25,M,4
4641,25,M,4
4650,25,M,4
4667,25,M,4
4682,25,M,4
4703,25,M,4
4706,25,M,4
4732,25,M,4
4824,25,M,4
4832,25,M,4
4853,25,M,4
4856,25,M,4
4857,25,M,4
4901,25,M,4
4932,25,M,4
4939,25,M,4
4961,25,M,4
5019,25,M,4
5065,25,M,4
5121,25,M,4
5153,25,M,4
5181,25,M,4
5192,25,M,4
5194,25,M,4
5220,25,M,4
5236,25,M,4
5237,25,M,4
5272,25,M,4
5324,25,M,4
5327,25,M,4
5335,25,M,4
5379,25,M,4
5381,25,M,4
5386,25,M,4
5391,25,M,4
5426,25,M,4
5438,25,M,4
5442,25,M,4
5496,25,M,4
5522,25,M,4
5617,25,M,4
5621,25,M,4
5624,25,M,4
5629,25,M,4
5634,25,M,4
5636,25,M,4
5701,25,M,4
5711,25,M,4
5739,25,M,4
5771,25,M,4
5797,25,M,4
5809,25,M,4
5813,25,M,4
5837,25,M,4
5859,25,M,4
5870,25,M,4
5893,25,M,4
5900,25,M,4
5923,25,M,4
5934,25,M,4
5975,25,M,4
6034,25,M,4
53,25,M,5
134,25,M,5
149,25,M,5
173,25,M,5
179,25,M,5
222,25,M,5
235,25,M,5
259,25,M,5
275,25,M,5
283,25,M,5
286,25,M,5
304,25,M,5
368,25,M,5
386,25,M,5
396,25,M,5
414,25,M,5
442,25,M,5
513,25,M,5
515,25,M,5
574,25,M,5
591,25,M,5
607,25,M,5
618,25,M,5
622,25,M,5
624,25,M,5
678,25,M,5
708,25,M,5
712,25,M,5
730,25,M,5
748,25,M,5
779,25,M,5
786,25,M,5
788,25,M,5
823,25,M,5
839,25,M,5
844,25,M,5
877,25,M,5
891,25,M,5
913,25,M,5
963,25,M,5
970,25,M,5
993,25,M,5
1010,25,M,5
1029,25,M,5
1050,25,M,5
1058,25,M,5
1100,25,M,5
1127,25,M,5
1128,25,M,5
1139,25,M,5
1161,25,M,5
1189,25,M,5
1208,25,M,5
1228,25,M,5
1264,25,M,5
1281,25,M,5
1303,25,M,5
1325,25,M,5
1338,25,M,5
1408,25,M,5
1457,25,M,5
1579,25,M,5
1584,25,M,5
1589,25,M,5
1599,25,M,5
1611,25,M,5
1616,25,M,5
1624,25,M,5
1635,25,M,5
1641,25,M,5
1650,25,M,5
1695,25,M,5
1708,25,M,5
1709,25,M,5
1712,25,M,5
1713,25,M,5
1716,25,M,5
1747,25,M,5
1776,25,M,5
1790,25,M,5
1835,25,M,5
1836,25,M,5
1851,25,M,5
1854,25,M,5
1902,25,M,5
1973,25,M,5
1995,25,M,5
1997,25,M,5
2021,25,M,5
2087,25,M,5
2105,25,M,5
2107,25,M,5
2124,25,M,5
2131,25,M,5
2149,25,M,5
2181,25,M,5
2208,25,M,5
2246,25,M,5
2272,25,M,5
2290,25,M,5
2376,25,M,5
2398,25,M,5
2414,25,M,5
2419,25,M,5
2445,25,M,5
2457,25,M,5
2554,25,M,5
2567,25,M,5
2589,25,M,5
2604,25,M,5
2627,25,M,5
2642,25,M,5
2686,25,M,5
2705,25,M,5
2767,25,M,5
2774,25,M,5
2811,25,M,5
2831,25,M,5
2840,25,M,5
2848,25,M,5
2857,25,M,5
2893,25,M,5
2917,25,M,5
2935,25,M,5
2940,25,M,5
2967,25,M,5
3011,25,M,5
3032,25,M,5
3071,25,M,5
3073,25,M,5
3074,25,M,5
3106,25,M,5
3110,25,M,5
3118,25,M,5
3146,25,M,5
3162,25,M,5
3170,25,M,5
3193,25,M,5
3209,25,M,5
3221,25,M,5
3320,25,M,5
3335,25,M,5
3355,25,M,5
3381,25,M,5
3480,25,M,5
3485,25,M,5
3490,25,M,5
3494,25,M,5
3507,25,M,5
3520,25,M,5
3521,25,M,5
3527,25,M,5
3530,25,M,5
3568,25,M,5
3595,25,M,5
3613,25,M,5
3614,25,M,5
3636,25,M,5
3641,25,M,5
3650,25,M,5
3665,25,M,5
3678,25,M,5
3689,25,M,5
3719,25,M,5
3730,25,M,5
3735,25,M,5
3741,25,M,5
3742,25,M,5
3744,25,M,5
3764,25,M,5
3767,25,M,5
3771,25,M,5
3774,25,M,5
3778,25,M,5
3826,25,M,5
3833,25,M,5
3859,25,M,5
3863,25,M,5
3872,25,M,5
3875,25,M,5
3876,25,M,5
3903,25,M,5
3908,25,M,5
3928,25,M,5
3934,25,M,5
3947,25,M,5
3956,25,M,5
3961,25,M,5
3966,25,M,5
3983,25,M,5
3993,25,M,5
4013,25,M,5
4014,25,M,5
4031,25,M,5
4034,25,M,5
4036,25,M,5
4066,25,M,5
4095,25,M,5
4140,25,M,5
4150,25,M,5
4154,25,M,5
4183,25,M,5
4227,25,M,5
4292,25,M,5
4307,25,M,5
4308,25,M,5
4309,25,M,5
4325,25,M,5
4334,25,M,5
4342,25,M,5
4344,25,M,5
4377,25,M,5
4384,25,M,5
4390,25,M,5
4404,25,M,5
4433,25,M,5
4459,25,M,5
4480,25,M,5
4512,25,M,5
4518,25,M,5
4552,25,M,5
4560,25,M,5
4569,25,M,5
4578,25,M,5
4581,25,M,5
4600,25,M,5
4607,25,M,5
4632,25,M,5
4642,25,M,5
4643,25,M,5
4683,25,M,5
4708,25,M,5
4728,25,M,5
4769,25,M,5
4778,25,M,5
4783,25,M,5
4798,25,M,5
4817,25,M,5
4829,25,M,5
4858,25,M,5
4862,25,M,5
4898,25,M,5
4980,25,M,5
4989,25,M,5
5086,25,M,5
5101,25,M,5
5113,25,M,5
5122,25,M,5
5142,25,M,5
5205,25,M,5
5207,25,M,5
5211,25,M,5
5229,25,M,5
5242,25,M,5
5274,25,M,5
5292,25,M,5
5309,25,M,5
5312,25,M,5
5375,25,M,5
5399,25,M,5
5404,25,M,5
5445,25,M,5
5473,25,M,5
5486,25,M,5
5509,25,M,5
5527,25,M,5
5554,25,M,5
5570,25,M,5
5574,25,M,5
5581,25,M,5
5592,25,M,5
5614,25,M,5
5625,25,M,5
5627,25,M,5
5659,25,M,5
5671,25,M,5
5677,25,M,5
5689,25,M,5
5697,25,M,5
5717,25,M,5
5720,25,M,5
5726,25,M,5
5736,25,M,5
5740,25,M,5
5747,25,M,5
5748,25,M,5
5770,25,M,5
5788,25,M,5
5795,25,M,5
5814,25,M,5
5816,25,M,5
5831,25,M,5
5836,25,M,5
5839,25,M,5
5880,25,M,5
5885,25,M,5
5895,25,M,5
5896,25,M,5
5912,25,M,5
5938,25,M,5
5979,25,M,5
5984,25,M,5
6019,25,M,5
6023,25,M,5
62,35,F,1
97,35,F,1
196,35,F,1
343,35,F,1
399,35,F,1
467,35,F,1
487,35,F,1
590,35,F,1
704,35,F,1
721,35,F,1
750,35,F,1
914,35,F,1
925,35,F,1
932,35,F,1
987,35,F,1
992,35,F,1
1295,35,F,1
1429,35,F,1
1536,35,F,1
1606,35,F,1
1609,35,F,1
1658,35,F,1
1813,35,F,1
1816,35,F,1
1999,35,F,1
2011,35,F,1
2050,35,F,1
2070,35,F,1
2198,35,F,1
2233,35,F,1
2237,35,F,1
2255,35,F,1
2353,35,F,1
2381,35,F,1
2409,35,F,1
2489,35,F,1
2508,35,F,1
2517,35,F,1
2529,35,F,1
2541,35,F,1
2548,35,F,1
2622,35,F,1
2633,35,F,1
2654,35,F,1
2667,35,F,1
2864,35,F,1
2907,35,F,1
2945,35,F,1
3009,35,F,1
3017,35,F,1
3068,35,F,1
3082,35,F,1
3168,35,F,1
3178,35,F,1
3254,35,F,1
3363,35,F,1
3443,35,F,1
3574,35,F,1
3601,35,F,1
3608,35,F,1
3663,35,F,1
3758,35,F,1
3770,35,F,1
3803,35,F,1
3915,35,F,1
3917,35,F,1
3933,35,F,1
4023,35,F,1
4044,35,F,1
4174,35,F,1
4223,35,F,1
4226,35,F,1
4252,35,F,1
4261,35,F,1
4262,35,F,1
4357,35,F,1
4437,35,F,1
4598,35,F,1
4637,35,F,1
4719,35,F,1
4767,35,F,1
4784,35,F,1
4797,35,F,1
4813,35,F,1
4848,35,F,1
4870,35,F,1
4876,35,F,1
4886,35,F,1
4925,35,F,1
4951,35,F,1
5044,35,F,1
5164,35,F,1
5175,35,F,1
5188,35,F,1
5210,35,F,1
5214,35,F,1
5304,35,F,1
5337,35,F,1
5352,35,F,1
5407,35,F,1
5433,35,F,1
5494,35,F,1
5560,35,F,1
5635,35,F,1
5695,35,F,1
5762,35,F,1
5930,35,F,1
5966,35,F,1
55,35,F,2
106,35,F,2
518,35,F,2
625,35,F,2
800,35,F,2
834,35,F,2
1407,35,F,2
1554,35,F,2
1819,35,F,2
2068,35,F,2
2248,35,F,2
2397,35,F,2
2647,35,F,2
2671,35,F,2
2807,35,F,2
2965,35,F,2
3253,35,F,2
3596,35,F,2
3676,35,F,2
3751,35,F,2
3936,35,F,2
4681,35,F,2
4909,35,F,2
5039,35,F,2
5172,35,F,2
5185,35,F,2
5200,35,F,2
5650,35,F,2
5822,35,F,2
146,35,F,3
201,35,F,3
382,35,F,3
455,35,F,3
520,35,F,3
548,35,F,3
573,35,F,3
912,35,F,3
1052,35,F,3
1238,35,F,3
1248,35,F,3
1253,35,F,3
1323,35,F,3
1489,35,F,3
1513,35,F,3
1594,35,F,3
1905,35,F,3
1939,35,F,3
2091,35,F,3
2161,35,F,3
2177,35,F,3
2564,35,F,3
2637,35,F,3
2874,35,F,3
2913,35,F,3
2934,35,F,3
2997,35,F,3
3038,35,F,3
3205,35,F,3
3445,35,F,3
3473,35,F,3
3497,35,F,3
3552,35,F,3
3842,35,F,3
3856,35,F,3
3944,35,F,3
4077,35,F,3
4179,35,F,3
4232,35,F,3
4456,35,F,3
4553,35,F,3
4603,35,F,3
4710,35,F,3
4726,35,F,3
4765,35,F,3
5055,35,F,3
5089,35,F,3
5103,35,F,3
5424,35,F,3
5500,35,F,3
5526,35,F,3
5545,35,F,3
5551,35,F,3
5663,35,F,3
5728,35,F,3
5755,35,F,3
5887,35,F,3
5905,35,F,3
5945,35,F,3
5991,35,F,3
30,35,F,4
98,35,F,4
265,35,F,4
353,35,F,4
374,35,F,4
387,35,F,4
519,35,F,4
630,35,F,4
793,35,F,4
795,35,F,4
883,35,F,4
934,35,F,4
1072,35,F,4
1136,35,F,4
1894,35,F,4
1914,35,F,4
1920,35,F,4
2009,35,F,4
2357,35,F,4
2371,35,F,4
2411,35,F,4
2425,35,F,4
2677,35,F,4
2739,35,F,4
2951,35,F,4
3020,35,F,4
3286,35,F,4
3325,35,F,4
3347,35,F,4
3501,35,F,4
3532,35,F,4
3549,35,F,4
3603,35,F,4
3743,35,F,4
3943,35,F,4
3960,35,F,4
4148,35,F,4
4246,35,F,4
4317,35,F,4
4434,35,F,4
4468,35,F,4
4674,35,F,4
4770,35,F,4
4865,35,F,4
5048,35,F,4
5182,35,F,4
5342,35,F,4
5579,35,F,4
5611,35,F,4
5718,35,F,4
5804,35,F,4
5841,35,F,4
5901,35,F,4
6017,35,F,4
10,35,F,5
16,35,F,5
140,35,F,5
277,35,F,5
281,35,F,5
285,35,F,5
364,35,F,5
379,35,F,5
415,35,F,5
494,35,F,5
628,35,F,5
641,35,F,5
642,35,F,5
755,35,F,5
826,35,F,5
919,35,F,5
1012,35,F,5
1024,35,F,5
1034,35,F,5
1039,35,F,5
1158,35,F,5
1162,35,F,5
1185,35,F,5
1191,35,F,5
1242,35,F,5
1288,35,F,5
1291,35,F,5
1350,35,F,5
1781,35,F,5
1823,35,F,5
1893,35,F,5
2123,35,F,5
2268,35,F,5
2443,35,F,5
2525,35,F,5
2543,35,F,5
2547,35,F,5
2624,35,F,5
2745,35,F,5
2804,35,F,5
2820,35,F,5
3025,35,F,5
3060,35,F,5
3078,35,F,5
3217,35,F,5
3246,35,F,5
3271,35,F,5
3330,35,F,5
3582,35,F,5
3627,35,F,5
3664,35,F,5
3704,35,F,5
3805,35,F,5
3807,35,F,5
3895,35,F,5
4048,35,F,5
4063,35,F,5
4206,35,F,5
4208,35,F,5
4482,35,F,5
4530,35,F,5
4599,35,F,5
4794,35,F,5
4804,35,F,5
4822,35,F,5
4842,35,F,5
4924,35,F,5
4946,35,F,5
5016,35,F,5
5090,35,F,5
5095,35,F,5
5106,35,F,5
5190,35,F,5
5406,35,F,5
5476,35,F,5
5562,35,F,5
5573,35,F,5
5613,35,F,5
5643,35,F,5
5673,35,F,5
5743,35,F,5
5782,35,F,5
5790,35,F,5
5833,35,F,5
5835,35,F,5
5929,35,F,5
5995,35,F,5
100,35,M,1
118,35,M,1
123,35,M,1
130,35,M,1
208,35,M,1
254,35,M,1
320,35,M,1
324,35,M,1
360,35,M,1
381,35,M,1
393,35,M,1
397,35,M,1
437,35,M,1
469,35,M,1
498,35,M,1
502,35,M,1
505,35,M,1
525,35,M,1
535,35,M,1
545,35,M,1
600,35,M,1
631,35,M,1
857,35,M,1
880,35,M,1
1008,35,M,1
1015,35,M,1
1042,35,M,1
1048,35,M,1
1089,35,M,1
1105,35,M,1
1129,35,M,1
1148,35,M,1
1215,35,M,1
1276,35,M,1
1286,35,M,1
1298,35,M,1
1358,35,M,1
1422,35,M,1
1439,35,M,1
1481,35,M,1
1507,35,M,1
1549,35,M,1
1559,35,M,1
1583,35,M,1
1640,35,M,1
1689,35,M,1
1723,35,M,1
1743,35,M,1
1753,35,M,1
1834,35,M,1
1848,35,M,1
1907,35,M,1
1941,35,M,1
1942,35,M,1
1974,35,M,1
1976,35,M,1
1993,35,M,1
2089,35,M,1
2090,35,M,1
2115,35,M,1
2125,35,M,1
2218,35,M,1
2254,35,M,1
2286,35,M,1
2298,35,M,1
2323,35,M,1
2324,35,M,1
2337,35,M,1
2342,35,M,1
2384,35,M,1
2394,35,M,1
2399,35,M,1
2442,35,M,1
2448,35,M,1
2503,35,M,1
2521,35,M,1
2565,35,M,1
2566,35,M,1
2571,35,M,1
2670,35,M,1
2710,35,M,1
2761,35,M,1
2772,35,M,1
2815,35,M,1
2842,35,M,1
2860,35,M,1
2889,35,M,1
2905,35,M,1
2959,35,M,1
2962,35,M,1
2994,35,M,1
3024,35,M,1
3064,35,M,1
3076,35,M,1
3115,35,M,1
3138,35,M,1
3251,35,M,1
3300,35,M,1
3324,35,M,1
3336,35,M,1
3353,35,M,1
3374,35,M,1
3403,35,M,1
3470,35,M,1
3496,35,M,1
3515,35,M,1
3528,35,M,1
3534,35,M,1
3587,35,M,1
3591,35,M,1
3607,35,M,1
3645,35,M,1
3672,35,M,1
3692,35,M,1
3717,35,M,1
3724,35,M,1
3759,35,M,1
3772,35,M,1
3773,35,M,1
3809,35,M,1
3812,35,M,1
3817,35,M,1
3867,35,M,1
3920,35,M,1
3995,35,M,1
3997,35,M,1
3999,35,M,1
4019,35,M,1
4050,35,M,1
4054,35,M,1
4057,35,M,1
4074,35,M,1
4079,35,M,1
4099,35,M,1
4108,35,M,1
4109,35,M,1
4113,35,M,1
4128,35,M,1
4130,35,M,1
4141,35,M,1
4146,35,M,1
4177,35,M,1
4192,35,M,1
4219,35,M,1
4229,35,M,1
4240,35,M,1
4244,35,M,1
4259,35,M,1
4280,35,M,1
4286,35,M,1
4327,35,M,1
4331,35,M,1
4341,35,M,1
4358,35,M,1
4372,35,M,1
4439,35,M,1
4486,35,M,1
4490,35,M,1
4529,35,M,1
4566,35,M,1
4670,35,M,1
4712,35,M,1
4725,35,M,1
4757,35,M,1
4760,35,M,1
4868,35,M,1
4891,35,M,1
4896,35,M,1
4935,35,M,1
4947,35,M,1
5006,35,M,1
5015,35,M,1
5116,35,M,1
5165,35,M,1
5298,35,M,1
5322,35,M,1
5421,35,M,1
5452,35,M,1
5553,35,M,1
5630,35,M,1
5640,35,M,1
5678,35,M,1
5794,35,M,1
5849,35,M,1
5881,35,M,1
5899,35,M,1
6007,35,M,1
6026,35,M,1
65,35,M,2
111,35,M,2
155,35,M,2
205,35,M,2
266,35,M,2
291,35,M,2
328,35,M,2
412,35,M,2
427,35,M,2
503,35,M,2
529,35,M,2
544,35,M,2
547,35,M,2
597,35,M,2
637,35,M,2
647,35,M,2
691,35,M,2
693,35,M,2
727,35,M,2
729,35,M,2
739,35,M,2
805,35,M,2
824,35,M,2
1005,35,M,2
1067,35,M,2
1104,35,M,2
1202,35,M,2
1243,35,M,2
1285,35,M,2
1362,35,M,2
1391,35,M,2
1440,35,M,2
1446,35,M,2
1464,35,M,2
1511,35,M,2
1685,35,M,2
1686,35,M,2
1744,35,M,2
1799,35,M,2
1875,35,M,2
1888,35,M,2
2103,35,M,2
2119,35,M,2
2122,35,M,2
2354,35,M,2
2527,35,M,2
2537,35,M,2
2579,35,M,2
2619,35,M,2
2640,35,M,2
2665,35,M,2
2695,35,M,2
2703,35,M,2
2728,35,M,2
2730,35,M,2
2781,35,M,2
2817,35,M,2
2826,35,M,2
2856,35,M,2
2868,35,M,2
2923,35,M,2
2933,35,M,2
2941,35,M,2
2943,35,M,2
2975,35,M,2
2989,35,M,2
2990,35,M,2
3050,35,M,2
3052,35,M,2
3092,35,M,2
3105,35,M,2
3187,35,M,2
3226,35,M,2
3232,35,M,2
3247,35,M,2
3393,35,M,2
3474,35,M,2
3545,35,M,2
3570,35,M,2
3572,35,M,2
3623,35,M,2
3661,35,M,2
3702,35,M,2
3775,35,M,2
3914,35,M,2
3957,35,M,2
4007,35,M,2
4042,35,M,2
4069,35,M,2
4221,35,M,2
4233,35,M,2
4301,35,M,2
4361,35,M,2
4466,35,M,2
4470,35,M,2
4521,35,M,2
4562,35,M,2
4564,35,M,2
4639,35,M,2
4653,35,M,2
4721,35,M,2
4722,35,M,2
4903,35,M,2
4908,35,M,2
4953,35,M,2
4956,35,M,2
5003,35,M,2
5017,35,M,2
5037,35,M,2
5110,35,M,2
5180,35,M,2
5186,35,M,2
5193,35,M,2
5258,35,M,2
5261,35,M,2
5469,35,M,2
5493,35,M,2
5519,35,M,2
5550,35,M,2
5596,35,M,2
5604,35,M,2
5622,35,M,2
5631,35,M,2
5699,35,M,2
5778,35,M,2
5970,35,M,2
6011,35,M,2
6012,35,M,2
56,35,M,3
157,35,M,3
227,35,M,3
241,35,M,3
245,35,M,3
250,35,M,3
333,35,M,3
362,35,M,3
551,35,M,3
558,35,M,3
562,35,M,3
567,35,M,3
613,35,M,3
645,35,M,3
679,35,M,3
706,35,M,3
733,35,M,3
904,35,M,3
958,35,M,3
1031,35,M,3
1249,35,M,3
1273,35,M,3
1324,35,M,3
1346,35,M,3
1352,35,M,3
1370,35,M,3
1377,35,M,3
1390,35,M,3
1417,35,M,3
1441,35,M,3
1443,35,M,3
1449,35,M,3
1451,35,M,3
1462,35,M,3
1522,35,M,3
1566,35,M,3
1668,35,M,3
1674,35,M,3
1690,35,M,3
1692,35,M,3
1698,35,M,3
1727,35,M,3
1737,35,M,3
1738,35,M,3
1751,35,M,3
1770,35,M,3
1881,35,M,3
1882,35,M,3
1994,35,M,3
2018,35,M,3
2031,35,M,3
2094,35,M,3
2098,35,M,3
2340,35,M,3
2345,35,M,3
2407,35,M,3
2601,35,M,3
2652,35,M,3
2773,35,M,3
2798,35,M,3
2802,35,M,3
2835,35,M,3
2946,35,M,3
2978,35,M,3
2979,35,M,3
3044,35,M,3
3175,35,M,3
3230,35,M,3
3283,35,M,3
3313,35,M,3
3376,35,M,3
3402,35,M,3
3526,35,M,3
3547,35,M,3
3553,35,M,3
3585,35,M,3
3586,35,M,3
3600,35,M,3
3646,35,M,3
3662,35,M,3
3878,35,M,3
3894,35,M,3
3923,35,M,3
3940,35,M,3
4125,35,M,3
4160,35,M,3
4238,35,M,3
4277,35,M,3
4356,35,M,3
4594,35,M,3
4647,35,M,3
4654,35,M,3
4665,35,M,3
4673,35,M,3
4678,35,M,3
4737,35,M,3
4766,35,M,3
4789,35,M,3
4833,35,M,3
4897,35,M,3
4974,35,M,3
4979,35,M,3
5023,35,M,3
5052,35,M,3
5054,35,M,3
5104,35,M,3
5111,35,M,3
5124,35,M,3
5586,35,M,3
5679,35,M,3
5714,35,M,3
5890,35,M,3
5914,35,M,3
29,35,M,4
74,35,M,4
76,35,M,4
91,35,M,4
121,35,M,4
150,35,M,4
160,35,M,4
215,35,M,4
218,35,M,4
234,35,M,4
292,35,M,4
317,35,M,4
327,35,M,4
329,35,M,4
335,35,M,4
338,35,M,4
344,35,M,4
439,35,M,4
471,35,M,4
477,35,M,4
586,35,M,4
598,35,M,4
646,35,M,4
651,35,M,4
664,35,M,4
672,35,M,4
681,35,M,4
702,35,M,4
707,35,M,4
713,35,M,4
749,35,M,4
754,35,M,4
758,35,M,4
791,35,M,4
819,35,M,4
820,35,M,4
830,35,M,4
833,35,M,4
858,35,M,4
862,35,M,4
935,35,M,4
946,35,M,4
950,35,M,4
976,35,M,4
1036,35,M,4
1063,35,M,4
1098,35,M,4
1181,35,M,4
1209,35,M,4
1259,35,M,4
1315,35,M,4
1328,35,M,4
1339,35,M,4
1343,35,M,4
1397,35,M,4
1487,35,M,4
1592,35,M,4
1600,35,M,4
1661,35,M,4
1696,35,M,4
1741,35,M,4
1763,35,M,4
1797,35,M,4
1838,35,M,4
1849,35,M,4
1864,35,M,4
1873,35,M,4
1895,35,M,4
1923,35,M,4
1927,35,M,4
1980,35,M,4
2051,35,M,4
2086,35,M,4
2136,35,M,4
2209,35,M,4
2251,35,M,4
2283,35,M,4
2319,35,M,4
2336,35,M,4
2369,35,M,4
2395,35,M,4
2421,35,M,4
2455,35,M,4
2470,35,M,4
2481,35,M,4
2485,35,M,4
2491,35,M,4
2539,35,M,4
2572,35,M,4
2575,35,M,4
2583,35,M,4
2587,35,M,4
2594,35,M,4
2605,35,M,4
2616,35,M,4
2625,35,M,4
2655,35,M,4
2659,35,M,4
2664,35,M,4
2672,35,M,4
2673,35,M,4
2675,35,M,4
2683,35,M,4
2722,35,M,4
2725,35,M,4
2731,35,M,4
2755,35,M,4
2779,35,M,4
2793,35,M,4
2814,35,M,4
2830,35,M,4
2890,35,M,4
2899,35,M,4
2955,35,M,4
3014,35,M,4
3132,35,M,4
3156,35,M,4
3165,35,M,4
3207,35,M,4
3220,35,M,4
3222,35,M,4
3237,35,M,4
3238,35,M,4
3273,35,M,4
3275,35,M,4
3278,35,M,4
3323,35,M,4
3346,35,M,4
3356,35,M,4
3366,35,M,4
3384,35,M,4
3394,35,M,4
3401,35,M,4
3405,35,M,4
3415,35,M,4
3453,35,M,4
3492,35,M,4
3500,35,M,4
3523,35,M,4
3561,35,M,4
3617,35,M,4
3633,35,M,4
3640,35,M,4
3660,35,M,4
3675,35,M,4
3696,35,M,4
3727,35,M,4
3813,35,M,4
3886,35,M,4
3935,35,M,4
3977,35,M,4
4000,35,M,4
4005,35,M,4
4022,35,M,4
4030,35,M,4
4098,35,M,4
4114,35,M,4
4116,35,M,4
4172,35,M,4
4189,35,M,4
4196,35,M,4
4204,35,M,4
4213,35,M,4
4241,35,M,4
4267,35,M,4
4269,35,M,4
4271,35,M,4
4289,35,M,4
4291,35,M,4
4319,35,M,4
4354,35,M,4
4363,35,M,4
4425,35,M,4
4455,35,M,4
4457,35,M,4
4474,35,M,4
4488,35,M,4
4511,35,M,4
4558,35,M,4
4565,35,M,4
4571,35,M,4
4577,35,M,4
4585,35,M,4
4587,35,M,4
4601,35,M,4
4602,35,M,4
4668,35,M,4
4669,35,M,4
4687,35,M,4
4718,35,M,4
4723,35,M,4
4741,35,M,4
4788,35,M,4
4796,35,M,4
4819,35,M,4
4884,35,M,4
4894,35,M,4
4902,35,M,4
4971,35,M,4
4978,35,M,4
4996,35,M,4
5022,35,M,4
5036,35,M,4
5068,35,M,4
5132,35,M,4
5135,35,M,4
5145,35,M,4
5159,35,M,4
5168,35,M,4
5195,35,M,4
5206,35,M,4
5231,35,M,4
5239,35,M,4
5260,35,M,4
5263,35,M,4
5267,35,M,4
5295,35,M,4
5331,35,M,4
5358,35,M,4
5374,35,M,4
5378,35,M,4
5393,35,M,4
5454,35,M,4
5464,35,M,4
5478,35,M,4
5557,35,M,4
5566,35,M,4
5575,35,M,4
5599,35,M,4
5615,35,M,4
5620,35,M,4
5667,35,M,4
5674,35,M,4
5675,35,M,4
5691,35,M,4
5698,35,M,4
5772,35,M,4
5800,35,M,4
5807,35,M,4
5868,35,M,4
5879,35,M,4
5882,35,M,4
5927,35,M,4
5962,35,M,4
5971,35,M,4
5981,35,M,4
7,35,M,5
14,35,M,5
23,35,M,5
102,35,M,5
141,35,M,5
209,35,M,5
226,35,M,5
255,35,M,5
264,35,M,5
354,35,M,5
369,35,M,5
376,35,M,5
420,35,M,5
441,35,M,5
456,35,M,5
472,35,M,5
476,35,M,5
512,35,M,5
577,35,M,5
611,35,M,5
614,35,M,5
756,35,M,5
806,35,M,5
850,35,M,5
865,35,M,5
885,35,M,5
892,35,M,5
944,35,M,5
956,35,M,5
957,35,M,5
974,35,M,5
975,35,M,5
1017,35,M,5
1019,35,M,5
1021,35,M,5
1053,35,M,5
1055,35,M,5
1101,35,M,5
1119,35,M,5
1183,35,M,5
1197,35,M,5
1222,35,M,5
1247,35,M,5
1279,35,M,5
1290,35,M,5
1335,35,M,5
1342,35,M,5
1359,35,M,5
1411,35,M,5
1424,35,M,5
1432,35,M,5
1548,35,M,5
1590,35,M,5
1595,35,M,5
1598,35,M,5
1614,35,M,5
1671,35,M,5
1722,35,M,5
1761,35,M,5
1780,35,M,5
1817,35,M,5
1880,35,M,5
1903,35,M,5
1936,35,M,5
1952,35,M,5
1956,35,M,5
1996,35,M,5
2006,35,M,5
2046,35,M,5
2057,35,M,5
2059,35,M,5
2064,35,M,5
2164,35,M,5
2171,35,M,5
2200,35,M,5
2316,35,M,5
2347,35,M,5
2377,35,M,5
2438,35,M,5
2462,35,M,5
2613,35,M,5
2635,35,M,5
2720,35,M,5
2770,35,M,5
2834,35,M,5
2877,35,M,5
2906,35,M,5
3007,35,M,5
3018,35,M,5
3030,35,M,5
3059,35,M,5
3094,35,M,5
3117,35,M,5
3203,35,M,5
3216,35,M,5
3272,35,M,5
3321,35,M,5
3334,35,M,5
3344,35,M,5
3352,35,M,5
3379,35,M,5
3410,35,M,5
3436,35,M,5
3461,35,M,5
3538,35,M,5
3701,35,M,5
3711,35,M,5
3736,35,M,5
3846,35,M,5
3849,35,M,5
3896,35,M,5
3955,35,M,5
3974,35,M,5
3978,35,M,5
4080,35,M,5
4149,35,M,5
4164,35,M,5
4175,35,M,5
4207,35,M,5
4220,35,M,5
4282,35,M,5
4285,35,M,5
4335,35,M,5
4367,35,M,5
4440,35,M,5
4453,35,M,5
4473,35,M,5
4539,35,M,5
4542,35,M,5
4666,35,M,5
4680,35,M,5
4685,35,M,5
4805,35,M,5
4808,35,M,5
4811,35,M,5
4827,35,M,5
4852,35,M,5
4875,35,M,5
4920,35,M,5
4937,35,M,5
4964,35,M,5
4972,35,M,5
4975,35,M,5
4984,35,M,5
4985,35,M,5
5045,35,M,5
5082,35,M,5
5112,35,M,5
5149,35,M,5
5157,35,M,5
5224,35,M,5
5226,35,M,5
5266,35,M,5
5362,35,M,5
5383,35,M,5
5413,35,M,5
5427,35,M,5
5456,35,M,5
5463,35,M,5
5467,35,M,5
5472,35,M,5
5477,35,M,5
5479,35,M,5
5513,35,M,5
5523,35,M,5
5540,35,M,5
5601,35,M,5
5602,35,M,5
5708,35,M,5
5712,35,M,5
5798,35,M,5
5843,35,M,5
5894,35,M,5
5924,35,M,5
5977,35,M,5
5978,35,M,5
5982,35,M,5
5994,35,M,5
6010,35,M,5
6018,35,M,5
127,45,F,1
137,45,F,1
294,45,F,1
421,45,F,1
434,45,F,1
856,45,F,1
907,45,F,1
1014,45,F,1
1078,45,F,1
1271,45,F,1
1375,45,F,1
1576,45,F,1
1899,45,F,1
1918,45,F,1
2277,45,F,1
2317,45,F,1
2355,45,F,1
2423,45,F,1
2441,45,F,1
2516,45,F,1
2540,45,F,1
2560,45,F,1
2612,45,F,1
3096,45,F,1
3304,45,F,1
3407,45,F,1
3431,45,F,1
3656,45,F,1
3858,45,F,1
4015,45,F,1
4065,45,F,1
4168,45,F,1
4222,45,F,1
4234,45,F,1
4293,45,F,1
4305,45,F,1
4330,45,F,1
4691,45,F,1
4816,45,F,1
4834,45,F,1
4840,45,F,1
4850,45,F,1
4869,45,F,1
4880,45,F,1
5041,45,F,1
5109,45,F,1
5203,45,F,1
5354,45,F,1
5867,45,F,1
6003,45,F,1
193,45,F,2
447,45,F,2
511,45,F,2
576,45,F,2
905,45,F,2
943,45,F,2
1428,45,F,2
2112,45,F,2
2256,45,F,2
2444,45,F,2
2617,45,F,2
3021,45,F,2
3948,45,F,2
4134,45,F,2
4191,45,F,2
4419,45,F,2
4469,45,F,2
5590,45,F,2
5904,45,F,2
5939,45,F,2
45,45,F,3
233,45,F,3
656,45,F,3
1070,45,F,3
1140,45,F,3
1233,45,F,3
1355,45,F,3
1364,45,F,3
1877,45,F,3
2033,45,F,3
2034,45,F,3
2308,45,F,3
2366,45,F,3
2385,45,F,3
2488,45,F,3
2492,45,F,3
2519,45,F,3
2724,45,F,3
3093,45,F,3
3390,45,F,3
3779,45,F,3
3873,45,F,3
4018,45,F,3
4268,45,F,3
4275,45,F,3
4408,45,F,3
4472,45,F,3
4836,45,F,3
4983,45,F,3
5009,45,F,3
5410,45,F,3
5440,45,F,3
5857,45,F,3
5910,45,F,3
5947,45,F,3
156,45,F,4
1028,45,F,4
1103,45,F,4
1378,45,F,4
1615,45,F,4
1633,45,F,4
2142,45,F,4
2264,45,F,4
2372,45,F,4
2512,45,F,4
2531,45,F,4
3483,45,F,4
3668,45,F,4
4110,45,F,4
4278,45,F,4
4664,45,F,4
5189,45,F,4
5248,45,F,4
5249,45,F,4
5838,45,F,4
72,45,F,5
78,45,F,5
79,45,F,5
88,45,F,5
159,45,F,5
183,45,F,5
187,45,F,5
411,45,F,5
831,45,F,5
918,45,F,5
1026,45,F,5
1376,45,F,5
1382,45,F,5
1455,45,F,5
1461,45,F,5
1477,45,F,5
1654,45,F,5
1657,45,F,5
1766,45,F,5
1871,45,F,5
2038,45,F,5
2044,45,F,5
2128,45,F,5
2222,45,F,5
2230,45,F,5
2269,45,F,5
2309,45,F,5
2343,45,F,5
2408,45,F,5
2542,45,F,5
2580,45,F,5
3210,45,F,5
3430,45,F,5
3529,45,F,5
3589,45,F,5
3945,45,F,5
3952,45,F,5
3959,45,F,5
3981,45,F,5
4197,45,F,5
4224,45,F,5
4274,45,F,5
4276,45,F,5
4326,45,F,5
4537,45,F,5
4584,45,F,5
4593,45,F,5
4614,45,F,5
4651,45,F,5
4905,45,F,5
5024,45,F,5
5107,45,F,5
5245,45,F,5
5351,45,F,5
5430,45,F,5
5594,45,F,5
5600,45,F,5
5783,45,F,5
5943,45,F,5
5952,45,F,5
5960,45,F,5
5961,45,F,5
6037,45,F,5
6039,45,F,5
33,45,M,1
44,45,M,1
211,45,M,1
526,45,M,1
550,45,M,1
604,45,M,1
632,45,M,1
639,45,M,1
731,45,M,1
769,45,M,1
1057,45,M,1
1074,45,M,1
1289,45,M,1
1392,45,M,1
1531,45,M,1
1565,45,M,1
1630,45,M,1
1665,45,M,1
1734,45,M,1
1972,45,M,1
2028,45,M,1
2185,45,M,1
2210,45,M,1
2211,45,M,1
2241,45,M,1
2262,45,M,1
2338,45,M,1
2402,45,M,1
2428,45,M,1
2439,45,M,1
2484,45,M,1
2643,45,M,1
2646,45,M,1
2702,45,M,1
2732,45,M,1
2733,45,M,1
2740,45,M,1
2783,45,M,1
2867,45,M,1
2981,45,M,1
3013,45,M,1
3258,45,M,1
3282,45,M,1
3289,45,M,1
3469,45,M,1
3488,45,M,1
3818,45,M,1
3860,45,M,1
3888,45,M,1
3889,45,M,1
3941,45,M,1
4046,45,M,1
4190,45,M,1
4211,45,M,1
4272,45,M,1
4388,45,M,1
4426,45,M,1
4447,45,M,1
4570,45,M,1
4701,45,M,1
4717,45,M,1
4735,45,M,1
4779,45,M,1
4786,45,M,1
4963,45,M,1
4993,45,M,1
4994,45,M,1
5047,45,M,1
5060,45,M,1
5072,45,M,1
5127,45,M,1
5129,45,M,1
5163,45,M,1
5484,45,M,1
5490,45,M,1
5556,45,M,1
6000,45,M,1
105,45,M,2
109,45,M,2
180,45,M,2
267,45,M,2
323,45,M,2
391,45,M,2
445,45,M,2
560,45,M,2
867,45,M,2
874,45,M,2
1066,45,M,2
1171,45,M,2
1798,45,M,2
1826,45,M,2
1846,45,M,2
1985,45,M,2
2053,45,M,2
2104,45,M,2
2203,45,M,2
2240,45,M,2
2281,45,M,2
2295,45,M,2
2304,45,M,2
2310,45,M,2
2451,45,M,2
2515,45,M,2
2585,45,M,2
2602,45,M,2
2726,45,M,2
2736,45,M,2
2849,45,M,2
3002,45,M,2
3279,45,M,2
3898,45,M,2
4049,45,M,2
4133,45,M,2
4253,45,M,2
4297,45,M,2
4661,45,M,2
4826,45,M,2
4882,45,M,2
4942,45,M,2
5010,45,M,2
5040,45,M,2
5481,45,M,2
5538,45,M,2
5721,45,M,2
5737,45,M,2
5954,45,M,2
161,45,M,3
256,45,M,3
276,45,M,3
350,45,M,3
432,45,M,3
660,45,M,3
827,45,M,3
879,45,M,3
889,45,M,3
951,45,M,3
998,45,M,3
1041,45,M,3
1284,45,M,3
1305,45,M,3
1552,45,M,3
1643,45,M,3
1768,45,M,3
1788,45,M,3
1884,45,M,3
2187,45,M,3
2243,45,M,3
2247,45,M,3
2450,45,M,3
2493,45,M,3
2573,45,M,3
2666,45,M,3
2829,45,M,3
2916,45,M,3
3061,45,M,3
3089,45,M,3
3204,45,M,3
3261,45,M,3
3338,45,M,3
3340,45,M,3
3348,45,M,3
3822,45,M,3
3985,45,M,3
4002,45,M,3
4067,45,M,3
4151,45,M,3
4496,45,M,3
4556,45,M,3
4748,45,M,3
4795,45,M,3
4881,45,M,3
4948,45,M,3
5005,45,M,3
5059,45,M,3
5286,45,M,3
5289,45,M,3
5447,45,M,3
5534,45,M,3
5564,45,M,3
5846,45,M,3
5892,45,M,3
4,45,M,4
103,45,M,4
107,45,M,4
125,45,M,4
278,45,M,4
416,45,M,4
460,45,M,4
481,45,M,4
537,45,M,4
909,45,M,4
945,45,M,4
1037,45,M,4
1049,45,M,4
1082,45,M,4
1157,45,M,4
1188,45,M,4
1225,45,M,4
1258,45,M,4
1274,45,M,4
1317,45,M,4
1415,45,M,4
1586,45,M,4
1869,45,M,4
1874,45,M,4
1916,45,M,4
1960,45,M,4
2071,45,M,4
2140,45,M,4
2178,45,M,4
2206,45,M,4
2330,45,M,4
2373,45,M,4
2416,45,M,4
2452,45,M,4
2487,45,M,4
2610,45,M,4
2650,45,M,4
2685,45,M,4
2721,45,M,4
2766,45,M,4
2819,45,M,4
2862,45,M,4
2980,45,M,4
3201,45,M,4
3293,45,M,4
3306,45,M,4
3310,45,M,4
3326,45,M,4
3369,45,M,4
3421,45,M,4
3535,45,M,4
3548,45,M,4
3670,45,M,4
3705,45,M,4
3720,45,M,4
3738,45,M,4
3796,45,M,4
3841,45,M,4
3866,45,M,4
3939,45,M,4
3958,45,M,4
4112,45,M,4
4121,45,M,4
4131,45,M,4
4170,45,M,4
4176,45,M,4
4200,45,M,4
4251,45,M,4
4270,45,M,4
4306,45,M,4
4321,45,M,4
4510,45,M,4
4657,45,M,4
4676,45,M,4
4774,45,M,4
4844,45,M,4
4923,45,M,4
5078,45,M,4
5177,45,M,4
5389,45,M,4
5435,45,M,4
5504,45,M,4
5507,45,M,4
5542,45,M,4
5580,45,M,4
5769,45,M,4
5854,45,M,4
5958,45,M,4
6032,45,M,4
13,45,M,5
35,45,M,5
40,45,M,5
95,45,M,5
185,45,M,5
216,45,M,5
230,45,M,5
450,45,M,5
564,45,M,5
661,45,M,5
816,45,M,5
933,45,M,5
972,45,M,5
1061,45,M,5
1190,45,M,5
1310,45,M,5
1331,45,M,5
1357,45,M,5
1533,45,M,5
1540,45,M,5
1607,45,M,5
1625,45,M,5
1745,45,M,5
1782,45,M,5
1786,45,M,5
1891,45,M,5
2004,45,M,5
2013,45,M,5
2130,45,M,5
2229,45,M,5
2291,45,M,5
2312,45,M,5
2417,45,M,5
2477,45,M,5
2544,45,M,5
2563,45,M,5
2569,45,M,5
2669,45,M,5
2701,45,M,5
3045,45,M,5
3119,45,M,5
3419,45,M,5
3428,45,M,5
3435,45,M,5
3458,45,M,5
3566,45,M,5
3616,45,M,5
3666,45,M,5
3747,45,M,5
3877,45,M,5
3919,45,M,5
3949,45,M,5
3998,45,M,5
4064,45,M,5
4161,45,M,5
4264,45,M,5
4273,45,M,5
4348,45,M,5
4421,45,M,5
4476,45,M,5
4494,45,M,5
4522,45,M,5
4709,45,M,5
4749,45,M,5
4773,45,M,5
4782,45,M,5
4838,45,M,5
4872,45,M,5
4917,45,M,5
4927,45,M,5
4929,45,M,5
4954,45,M,5
5014,45,M,5
5056,45,M,5
5125,45,M,5
5174,45,M,5
5265,45,M,5
5291,45,M,5
5356,45,M,5
5409,45,M,5
5448,45,M,5
5511,45,M,5
5520,45,M,5
5582,45,M,5
5616,45,M,5
5820,45,M,5
5928,45,M,5
5942,45,M,5
5969,45,M,5
6014,45,M,5
6016,45,M,5
6,50,F,1
67,50,F,1
171,50,F,1
319,50,F,1
325,50,F,1
568,50,F,1
697,50,F,1
893,50,F,1
942,50,F,1
1436,50,F,1
1717,50,F,1
1961,50,F,1
1963,50,F,1
1998,50,F,1
2139,50,F,1
2220,50,F,1
2313,50,F,1
2422,50,F,1
2482,50,F,1
2534,50,F,1
2697,50,F,1
2884,50,F,1
3039,50,F,1
3171,50,F,1
3292,50,F,1
3765,50,F,1
3836,50,F,1
3979,50,F,1
4159,50,F,1
4322,50,F,1
4467,50,F,1
4645,50,F,1
4781,50,F,1
4839,50,F,1
5340,50,F,1
5423,50,F,1
5549,50,F,1
1043,50,F,2
2072,50,F,2
2609,50,F,2
2715,50,F,2
2716,50,F,2
4809,50,F,2
4940,50,F,2
5080,50,F,2
5169,50,F,2
5764,50,F,2
312,50,F,3
1111,50,F,3
1156,50,F,3
1180,50,F,3
1294,50,F,3
1336,50,F,3
1371,50,F,3
1479,50,F,3
1897,50,F,3
2141,50,F,3
2170,50,F,3
2266,50,F,3
2356,50,F,3
2738,50,F,3
2753,50,F,3
2878,50,F,3
3143,50,F,3
4178,50,F,3
4365,50,F,3
4912,50,F,3
4968,50,F,3
5238,50,F,3
5349,50,F,3
5361,50,F,3
5516,50,F,3
5533,50,F,3
5993,50,F,3
238,50,F,4
797,50,F,4
841,50,F,4
955,50,F,4
1206,50,F,4
1287,50,F,4
1575,50,F,4
2159,50,F,4
2375,50,F,4
2497,50,F,4
3629,50,F,4
3755,50,F,4
4147,50,F,4
4231,50,F,4
4792,50,F,4
4815,50,F,4
4907,50,F,4
5051,50,F,4
5325,50,F,4
5405,50,F,4
5713,50,F,4
5926,50,F,4
59,50,F,5
168,50,F,5
446,50,F,5
593,50,F,5
657,50,F,5
689,50,F,5
771,50,F,5
908,50,F,5
910,50,F,5
1107,50,F,5
1167,50,F,5
1212,50,F,5
1387,50,F,5
1631,50,F,5
1883,50,F,5
1959,50,F,5
2049,50,F,5
2253,50,F,5
2289,50,F,5
2320,50,F,5
2460,50,F,5
2597,50,F,5
2631,50,F,5
2942,50,F,5
3049,50,F,5
3083,50,F,5
3215,50,F,5
3241,50,F,5
3477,50,F,5
3682,50,F,5
3687,50,F,5
4145,50,F,5
4250,50,F,5
4418,50,F,5
4464,50,F,5
4759,50,F,5
4854,50,F,5
4943,50,F,5
5130,50,F,5
5144,50,F,5
5344,50,F,5
5446,50,F,5
5498,50,F,5
5584,50,F,5
5609,50,F,5
5758,50,F,5
5806,50,F,5
5861,50,F,5
5864,50,F,5
5917,50,F,5
148,50,M,1
240,50,M,1
296,50,M,1
433,50,M,1
452,50,M,1
571,50,M,1
599,50,M,1
615,50,M,1
700,50,M,1
796,50,M,1
838,50,M,1
868,50,M,1
917,50,M,1
924,50,M,1
949,50,M,1
1145,50,M,1
1275,50,M,1
1437,50,M,1
1497,50,M,1
1619,50,M,1
1750,50,M,1
1885,50,M,1
1890,50,M,1
1989,50,M,1
2048,50,M,1
2278,50,M,1
2303,50,M,1
2333,50,M,1
2335,50,M,1
2360,50,M,1
2405,50,M,1
2440,50,M,1
2465,50,M,1
2574,50,M,1
2869,50,M,1
2930,50,M,1
2961,50,M,1
3108,50,M,1
3307,50,M,1
3365,50,M,1
3392,50,M,1
3482,50,M,1
3578,50,M,1
3718,50,M,1
3762,50,M,1
3906,50,M,1
4038,50,M,1
4061,50,M,1
4072,50,M,1
4127,50,M,1
4153,50,M,1
4155,50,M,1
4218,50,M,1
4328,50,M,1
4395,50,M,1
4677,50,M,1
4906,50,M,1
4930,50,M,1
4931,50,M,1
4944,50,M,1
5021,50,M,1
5075,50,M,1
5100,50,M,1
5166,50,M,1
5250,50,M,1
5518,50,M,1
5531,50,M,1
5567,50,M,1
5819,50,M,1
326,50,M,2
366,50,M,2
367,50,M,2
959,50,M,2
968,50,M,2
988,50,M,2
1002,50,M,2
1007,50,M,2
1505,50,M,2
1534,50,M,2
1623,50,M,2
1796,50,M,2
1868,50,M,2
2055,50,M,2
2110,50,M,2
2174,50,M,2
2231,50,M,2
2292,50,M,2
2302,50,M,2
2348,50,M,2
2476,50,M,2
2754,50,M,2
2841,50,M,2
3019,50,M,2
3263,50,M,2
3632,50,M,2
3924,50,M,2
3989,50,M,2
4245,50,M,2
4255,50,M,2
4373,50,M,2
4442,50,M,2
4730,50,M,2
4744,50,M,2
4751,50,M,2
4820,50,M,2
4878,50,M,2
4904,50,M,2
5012,50,M,2
5123,50,M,2
5940,50,M,2
154,50,M,3
307,50,M,3
458,50,M,3
478,50,M,3
627,50,M,3
677,50,M,3
794,50,M,3
953,50,M,3
984,50,M,3
1032,50,M,3
1071,50,M,3
1192,50,M,3
1268,50,M,3
1316,50,M,3
1404,50,M,3
1463,50,M,3
1465,50,M,3
1667,50,M,3
1861,50,M,3
1872,50,M,3
2007,50,M,3
2026,50,M,3
2039,50,M,3
2067,50,M,3
2282,50,M,3
2305,50,M,3
2762,50,M,3
2784,50,M,3
3211,50,M,3
3233,50,M,3
3367,50,M,3
3619,50,M,3
3827,50,M,3
3852,50,M,3
3864,50,M,3
3883,50,M,3
3963,50,M,3
4021,50,M,3
4037,50,M,3
4136,50,M,3
4235,50,M,3
4257,50,M,3
4333,50,M,3
4506,50,M,3
4573,50,M,3
4634,50,M,3
4729,50,M,3
4995,50,M,3
5062,50,M,3
5139,50,M,3
5593,50,M,3
5680,50,M,3
5810,50,M,3
5848,50,M,3
5889,50,M,3
5902,50,M,3
5916,50,M,3
5967,50,M,3
6020,50,M,3
244,50,M,4
270,50,M,4
280,50,M,4
339,50,M,4
348,50,M,4
461,50,M,4
493,50,M,4
523,50,M,4
552,50,M,4
581,50,M,4
612,50,M,4
654,50,M,4
1009,50,M,4
1093,50,M,4
1143,50,M,4
1334,50,M,4
1349,50,M,4
1363,50,M,4
1410,50,M,4
1490,50,M,4
1591,50,M,4
1648,50,M,4
1814,50,M,4
1862,50,M,4
1867,50,M,4
1901,50,M,4
1925,50,M,4
1967,50,M,4
2032,50,M,4
2088,50,M,4
2227,50,M,4
2271,50,M,4
2279,50,M,4
2363,50,M,4
2365,50,M,4
2391,50,M,4
2420,50,M,4
2459,50,M,4
2550,50,M,4
2578,50,M,4
2592,50,M,4
2596,50,M,4
2606,50,M,4
2729,50,M,4
2746,50,M,4
2765,50,M,4
2822,50,M,4
2870,50,M,4
3183,50,M,4
3329,50,M,4
3444,50,M,4
3576,50,M,4
3791,50,M,4
3810,50,M,4
3839,50,M,4
3994,50,M,4
4105,50,M,4
4157,50,M,4
4184,50,M,4
4188,50,M,4
4228,50,M,4
4239,50,M,4
4242,50,M,4
4284,50,M,4
4355,50,M,4
4369,50,M,4
4463,50,M,4
4498,50,M,4
4500,50,M,4
4505,50,M,4
4519,50,M,4
4966,50,M,4
5057,50,M,4
5093,50,M,4
5098,50,M,4
5105,50,M,4
5120,50,M,4
5128,50,M,4
5201,50,M,4
5422,50,M,4
5441,50,M,4
5552,50,M,4
5603,50,M,4
5657,50,M,4
5855,50,M,4
5876,50,M,4
17,50,M,5
54,50,M,5
60,50,M,5
177,50,M,5
287,50,M,5
332,50,M,5
724,50,M,5
811,50,M,5
872,50,M,5
895,50,M,5
911,50,M,5
989,50,M,5
1062,50,M,5
1118,50,M,5
1123,50,M,5
1135,50,M,5
1179,50,M,5
1199,50,M,5
1207,50,M,5
1213,50,M,5
1224,50,M,5
1227,50,M,5
1250,50,M,5
1282,50,M,5
1374,50,M,5
1564,50,M,5
1618,50,M,5
1642,50,M,5
1707,50,M,5
1748,50,M,5
1810,50,M,5
1853,50,M,5
1915,50,M,5
1970,50,M,5
1986,50,M,5
2001,50,M,5
2019,50,M,5
2135,50,M,5
2173,50,M,5
2352,50,M,5
2370,50,M,5
2382,50,M,5
2468,50,M,5
2471,50,M,5
2478,50,M,5
2496,50,M,5
2499,50,M,5
2795,50,M,5
2921,50,M,5
2991,50,M,5
3072,50,M,5
3169,50,M,5
3186,50,M,5
3242,50,M,5
3252,50,M,5
3380,50,M,5
3476,50,M,5
3511,50,M,5
3634,50,M,5
3635,50,M,5
3760,50,M,5
4004,50,M,5
4016,50,M,5
4055,50,M,5
4119,50,M,5
4169,50,M,5
4302,50,M,5
4311,50,M,5
4438,50,M,5
4479,50,M,5
4497,50,M,5
4502,50,M,5
4583,50,M,5
4644,50,M,5
4714,50,M,5
4734,50,M,5
4746,50,M,5
4945,50,M,5
4981,50,M,5
5178,50,M,5
5204,50,M,5
5209,50,M,5
5311,50,M,5
5392,50,M,5
5395,50,M,5
5461,50,M,5
5528,50,M,5
5559,50,M,5
5577,50,M,5
5633,50,M,5
5653,50,M,5
5741,50,M,5
5853,50,M,5
6002,50,M,5
6033,50,M,5
89,56,F,1
314,56,F,1
602,56,F,1
759,56,F,1
1095,56,F,1
1110,56,F,1
1924,56,F,1
2293,56,F,1
2339,56,F,1
2358,56,F,1
2364,56,F,1
2392,56,F,1
2524,56,F,1
3699,56,F,1
4025,56,F,1
4029,56,F,1
4628,56,F,1
4724,56,F,1
4987,56,F,1
5197,56,F,1
5215,56,F,1
5303,56,F,1
1038,56,F,2
2329,56,F,2
2406,56,F,2
3781,56,F,2
5018,56,F,2
334,56,F,3
887,56,F,3
928,56,F,3
1398,56,F,3
2016,56,F,3
2259,56,F,3
2520,56,F,3
2535,56,F,3
3592,56,F,3
3891,56,F,3
4187,56,F,3
4973,56,F,3
516,56,F,4
2334,56,F,4
2413,56,F,4
2570,56,F,4
3214,56,F,4
4755,56,F,4
4991,56,F,4
164,56,F,5
315,56,F,5
318,56,F,5
341,56,F,5
347,56,F,5
358,56,F,5
594,56,F,5
703,56,F,5
886,56,F,5
900,56,F,5
901,56,F,5
931,56,F,5
986,56,F,5
1205,56,F,5
1269,56,F,5
1379,56,F,5
1452,56,F,5
1569,56,F,5
1634,56,F,5
1670,56,F,5
2002,56,F,5
2058,56,F,5
2183,56,F,5
2267,56,F,5
2322,56,F,5
2368,56,F,5
2532,56,F,5
2546,56,F,5
2584,56,F,5
2588,56,F,5
2607,56,F,5
2699,56,F,5
3229,56,F,5
3319,56,F,5
3551,56,F,5
3577,56,F,5
3962,56,F,5
4195,56,F,5
4580,56,F,5
4727,56,F,5
4758,56,F,5
4888,56,F,5
4999,56,F,5
5004,56,F,5
5020,56,F,5
5033,56,F,5
5069,56,F,5
5221,56,F,5
5253,56,F,5
5310,56,F,5
5334,56,F,5
5537,56,F,5
5752,56,F,5
5946,56,F,5
5986,56,F,5
6038,56,F,5
128,56,M,1
178,56,M,1
251,56,M,1
322,56,M,1
422,56,M,1
635,56,M,1
873,56,M,1
1166,56,M,1
1170,56,M,1
1337,56,M,1
1431,56,M,1
1526,56,M,1
1541,56,M,1
1736,56,M,1
1965,56,M,1
1977,56,M,1
1979,56,M,1
2204,56,M,1
2221,56,M,1
2280,56,M,1
2388,56,M,1
2558,56,M,1
2660,56,M,1
2758,56,M,1
3015,56,M,1
3218,56,M,1
3303,56,M,1
3440,56,M,1
3618,56,M,1
3897,56,M,1
3930,56,M,1
4068,56,M,1
4090,56,M,1
4100,56,M,1
4296,56,M,1
4772,56,M,1
5058,56,M,1
5085,56,M,1
5171,56,M,1
5398,56,M,1
5922,56,M,1
725,56,M,2
760,56,M,2
948,56,M,2
1218,56,M,2
1887,56,M,2
1900,56,M,2
1921,56,M,2
2069,56,M,2
3739,56,M,2
4129,56,M,2
4763,56,M,2
4866,56,M,2
4873,56,M,2
5115,56,M,2
5223,56,M,2
5583,56,M,2
2,56,M,3
188,56,M,3
356,56,M,3
538,56,M,3
922,56,M,3
952,56,M,3
966,56,M,3
1016,56,M,3
1126,56,M,3
1388,56,M,3
1469,56,M,3
1585,56,M,3
1739,56,M,3
1772,56,M,3
1811,56,M,3
1860,56,M,3
2201,56,M,3
2593,56,M,3
2676,56,M,3
2808,56,M,3
3305,56,M,3
3383,56,M,3
3937,56,M,3
3964,56,M,3
4156,56,M,3
4171,56,M,3
4443,56,M,3
4756,56,M,3
4941,56,M,3
5073,56,M,3
5097,56,M,3
5273,56,M,3
5626,56,M,3
5686,56,M,3
5834,56,M,3
31,56,M,4
124,56,M,4
158,56,M,4
330,56,M,4
485,56,M,4
521,56,M,4
837,56,M,4
965,56,M,4
1046,56,M,4
1080,56,M,4
1121,56,M,4
1122,56,M,4
1856,56,M,4
2037,56,M,4
2126,56,M,4
2132,56,M,4
2275,56,M,4
2315,56,M,4
2318,56,M,4
2328,56,M,4
2332,56,M,4
2361,56,M,4
2410,56,M,4
2498,56,M,4
2514,56,M,4
2555,56,M,4
2651,56,M,4
2791,56,M,4
3555,56,M,4
3708,56,M,4
3754,56,M,4
3823,56,M,4
3882,56,M,4
3969,56,M,4
4083,56,M,4
4139,56,M,4
4142,56,M,4
4163,56,M,4
4212,56,M,4
4243,56,M,4
4694,56,M,4
5092,56,M,4
5196,56,M,4
5308,56,M,4
5336,56,M,4
5470,56,M,4
5541,56,M,4
5719,56,M,4
5766,56,M,4
5968,56,M,4
80,56,M,5
90,56,M,5
293,56,M,5
316,56,M,5
405,56,M,5
440,56,M,5
444,56,M,5
451,56,M,5
486,56,M,5
557,56,M,5
653,56,M,5
688,56,M,5
782,56,M,5
825,56,M,5
835,56,M,5
902,56,M,5
903,56,M,5
1013,56,M,5
1023,56,M,5
1083,56,M,5
1108,56,M,5
1131,56,M,5
1176,56,M,5
1178,56,M,5
1214,56,M,5
1252,56,M,5
1307,56,M,5
1322,56,M,5
1330,56,M,5
1405,56,M,5
1547,56,M,5
1577,56,M,5
1637,56,M,5
1740,56,M,5
1870,56,M,5
1896,56,M,5
1908,56,M,5
1981,56,M,5
2025,56,M,5
2061,56,M,5
2092,56,M,5
2095,56,M,5
2111,56,M,5
2117,56,M,5
2121,56,M,5
2151,56,M,5
2234,56,M,5
2265,56,M,5
2276,56,M,5
2287,56,M,5
2294,56,M,5
2297,56,M,5
2300,56,M,5
2331,56,M,5
2341,56,M,5
2359,56,M,5
2393,56,M,5
2412,56,M,5
2426,56,M,5
2449,56,M,5
2483,56,M,5
2500,56,M,5
2502,56,M,5
2513,56,M,5
2526,56,M,5
2528,56,M,5
2536,56,M,5
2538,56,M,5
2545,56,M,5
2549,56,M,5
2623,56,M,5
2626,56,M,5
2632,56,M,5
2634,56,M,5
2656,56,M,5
2661,56,M,5
2693,56,M,5
2704,56,M,5
2707,56,M,5
2760,56,M,5
2778,56,M,5
2785,56,M,5
2788,56,M,5
2805,56,M,5
3036,56,M,5
3042,56,M,5
3139,56,M,5
3188,56,M,5
3287,56,M,5
3318,56,M,5
3328,56,M,5
3364,56,M,5
3372,56,M,5
3598,56,M,5
3982,56,M,5
4003,56,M,5
4045,56,M,5
4084,56,M,5
4180,56,M,5
4193,56,M,5
4209,56,M,5
4230,56,M,5
4266,56,M,5
4281,56,M,5
4492,56,M,5
4503,56,M,5
4513,56,M,5
4515,56,M,5
4544,56,M,5
4627,56,M,5
4649,56,M,5
4672,56,M,5
4679,56,M,5
4738,56,M,5
4743,56,M,5
4753,56,M,5
4802,56,M,5
4843,56,M,5
4885,56,M,5
4955,56,M,5
4960,56,M,5
5067,56,M,5
5146,56,M,5
5288,56,M,5
5313,56,M,5
5355,56,M,5
5363,56,M,5
5431,56,M,5
5432,56,M,5
5439,56,M,5
5517,56,M,5
5658,56,M,5
5669,56,M,5
5703,56,M,5
5948,56,M,5
5980,56,M,5
